모두열기,모두닫기,지원사업번호,변경회차,지원기관,지원기관,지원사업,담당부서,지원예산유형,유효기간,총지원한도(KRW),총잔여한도(KRW),업체당지원금액(KRW),신규업체우대지원여부,신규업체당지원금액(KRW),수납방식,홈페이지 표시 제외여부,등록일
132508,,,00001,148,TIPA(중소기업기술정보진흥원),[TIPA(중소기업기술정보진흥원)] TIPA(중소기업기술정보진흥원)][보험료지원] 2025년 TIPA(중소기업기술정보진흥원) 지원사업,영업총괄실,보험료지원,2025.01.01 ~ 2025.12.31,"15,631,260","15,631,260","300,000",N,0,수수료(보험료) 면제 방식,Y,2025.08.07
132408,,,00000,066,수원시청,[수원시청] (단체)2025년 수원시 보험료지원사업,경기남부지사,보험료지원,2025.01.01 ~ 2025.11.30,"50,000,000","50,000,000","100,000",N,0,수수료(보험료) 면제 방식,N,2025.07.30
132308,,,00000,175,경기도청,[경기도청] (보증)2025년 경기도청 보험료지원사업,경기남부지사,보험료지원+신용조사수수료지원,2025.01.01 ~ 2025.12.31,"200,000,000","172,297,260","500,000",N,0,수수료(보험료) 면제 방식,N,2025.07.22
132208,,,00005,189,하나은행,[하나은행] 수출공급망강화보증(현대차·기아) 업무협약,영업총괄실,보험료지원,2025.07.16 ~ 2028.12.31,"8,500,000,000","8,500,000,000","520,000,000",N,0,수수료(보험료) 면제 방식,Y,2025.07.29
132108,,,00000,091,중소기업중앙회,[중소기업중앙회] 2025년 중소기업중앙회 지원사업(단체보험),영업총괄실,보험료지원,2025.01.01 ~ 2025.12.31,"136,900",0,"30,000",N,0,수수료(보험료) 면제 방식,,2025.06.23
132008,,,00000,017,전남도청,[전남도청] [단체보험]2025년 전남도청 지원사업,광주전남지사,보험료지원,2025.01.01 ~ 2025.12.31,"50,000,000","50,000,000","300,000",N,0,수수료(보험료) 면제 방식,N,2025.06.20
131908,,,00002,058,청주시청,[청주시청] 2025년 청주시청 지원사업,충북지사,보험료지원+신용조사수수료지원,2025.06.01 ~ 2025.12.31,"60,000,000","49,936,410","5,000,000",N,0,수수료(보험료) 면제 방식,N,2025.07.23
131808,,,00003,192,국민은행,[국민은행] 수출패키지 우대금융(2기) 업무협약(해외신용정보 서비스),조사부,신용조사수수료지원,2025.07.02 ~ 9999.12.31,"3,000,000,000","3,000,000,000","20,000,000",N,0,수수료(보험료) 면제 방식,N,2025.06.25
131708,,,00000,196,aT(한국농수산식품유통공사),[aT(한국농수산식품유통공사)] 2025년 aT(한국농수산식품유통공사) 소액한도 지원사업,영업총괄실,보험료지원,2025.01.01 ~ 2025.12.31,"1,494,900",0,"30,000",N,0,수수료(보험료) 면제 방식,,2025.06.09
131709,,,00001,207,인제군청,[인제군청] 2025년 인제군청 지원사업,강원지사,보험료지원,2025.01.01 ~ 2025.12.31,"3,900,000","366,860","300,000",N,0,수수료(보험료) 면제 방식,N,2025.06.09
131710,,,00000,226,홍천군청,[홍천군청] 2025년 홍천군청 지원사업,강원지사,보험료지원,2025.01.01 ~ 2025.12.31,"3,300,000","310,420","300,000",N,0,수수료(보험료) 면제 방식,N,2025.06.09
131711,,,00000,222,속초시청,[속초시청] 2025년 속초시청 지원사업,강원지사,보험료지원,2025.01.01 ~ 2025.12.31,"1,800,000","169,320","300,000",N,0,수수료(보험료) 면제 방식,N,2025.06.09
131712,,,00000,261,철원군청,[철원군청] 2025년 철원군청 지원사업,강원지사,보험료지원,2025.01.01 ~ 2025.12.31,"1,200,000","112,880","300,000",N,0,수수료(보험료) 면제 방식,N,2025.06.09
131608,,,00003,192,국민은행,[국민은행] 수출패키지 우대금융(2기) 업무협약,영업총괄실,보험료지원,2025.06.20 ~ 9999.12.31,"1,000,000,000","893,229,790","20,000,000",N,0,수수료(보험료) 면제 방식,,2025.06.24
131508,,,00000,179,한국장애인고용공단,[한국장애인고용공단] 2025년 한국장애인고용공단 지원사업(단체보험),영업총괄실,보험료지원,2025.01.01 ~ 2025.12.31,"473,960",0,"30,000",N,0,수수료(보험료) 면제 방식,N,2025.05.19
131509,,,00001,258,서울경제진흥원,[서울경제진흥원] [단체보험]2025년 서울경제진흥원 보험료지원사업,구로디지털지사,보험료지원,2025.05.19 ~ 2025.12.31,"15,000,000","15,000,000","200,000",N,0,수수료(보험료) 면제 방식,N,2025.06.10
131408,,,00000,260,충남테크노파크,[충남테크노파크] 2025년 충남테크노파크 수출지원사업 (전체산업군),대전세종충남지사,보험료지원+신용조사수수료지원,2025.05.01 ~ 2025.12.31,"170,000,000","147,746,360","3,000,000",N,0,수수료(보험료) 면제 방식,N,2025.05.16
131409,,,00000,260,충남테크노파크,[충남테크노파크] 2025년 충남테크노파크 수출지원사업 (디스플레이/반도체),대전세종충남지사,보험료지원+신용조사수수료지원,2025.05.01 ~ 2025.12.31,"90,000,000","87,000,000","3,000,000",N,0,수수료(보험료) 면제 방식,N,2025.05.16
131410,,,00001,260,충남테크노파크,[충남테크노파크] 2025년 충남테크노파크 수출지원사업 (자동차/배터리/이차전지),대전세종충남지사,보험료지원+신용조사수수료지원,2025.05.01 ~ 2025.12.31,"85,000,000","77,755,300","3,000,000",N,0,수수료(보험료) 면제 방식,N,2025.05.16
131308,,,00004,013,대구광역시청,[대구광역시청] [단체보험] 2025년 대구광역시청 지원사업,대구경북지사,보험료지원,2025.01.01 ~ 2025.12.31,0,0,0,N,0,수수료(보험료) 면제 방식,N,2025.07.16
131208,,,00001,259,토스뱅크,[토스뱅크] [토스뱅크] 다이렉트 보증 토스뱅크 특별출연 및 보증료 지원 협약,디지털전략부,보험료지원,2025.06.25 ~ 9999.12.31,"100,000,000","94,244,000","5,000,000",N,0,수수료(보험료) 면제 방식,N,2025.06.19
131108,,,00004,012,경북도청,[경북도청] [단체보험] 2025년 경북도청 지원사업(단체보험),대구경북지사,보험료지원,2025.01.01 ~ 2025.12.31,0,0,0,N,0,수수료(보험료) 면제 방식,N,2025.07.16
131009,,,00000,175,경기도청,[경기도청] 2025년 경기도청 보험료지원사업,경기남부지사,보험료지원,2025.01.01 ~ 2025.12.31,"650,000,000","135,050,220","100,000",N,0,수수료(보험료) 면제 방식,N,2025.04.18
131008,,,00000,100,아산시청,[아산시청] 2025년 아산시 수출보험료 지원사업,천안출장소,보험료지원,2025.04.17 ~ 2025.12.31,"18,000,000","3,158,460","300,000",N,0,수수료(보험료) 면제 방식,N,2025.04.17
130908,,,00000,106,성남시청,[성남시청] (단체보험)2025년 성남시 보험료지원사업,경기남부지사,보험료지원,2025.01.01 ~ 2025.11.30,"25,000,000","2,676,400","300,000",N,0,수수료(보험료) 면제 방식,N,2025.04.10
130909,,,00000,156,화성시청,[화성시청] (단체보험)2025년 화성시 보험료지원사업,경기남부지사,보험료지원,2025.01.01 ~ 2025.12.31,"10,000,000","1,306,880","300,000",N,0,수수료(보험료) 면제 방식,N,2025.04.10
130808,,,00000,107,오산시청,[오산시청] (단체보험)2025년 오산시청 지원사업,경기남부지사,보험료지원,2025.01.01 ~ 2025.11.30,"12,000,000","12,000,000","300,000",N,0,수수료(보험료) 면제 방식,N,2025.04.09
130708,,,00001,128,시흥산업진흥원,[시흥산업진흥원] 2025년 (환변동) 시흥산업진흥원 지원사업,경기서부지사,보험료지원,2025.01.01 ~ 2025.12.31,"1,000,000","800,470","500,000",N,0,수수료(보험료) 면제 방식,N,2025.04.04
130608,,,00003,128,시흥산업진흥원,[시흥산업진흥원] 2025년 시흥산업진흥원 지원사업,경기서부지사,보험료지원,2025.01.01 ~ 2025.12.31,"2,000,000","1,500,000","500,000",N,0,수수료(보험료) 면제 방식,N,2025.04.04
130609,,,00002,128,시흥산업진흥원,[시흥산업진흥원] 2025년 (단체) 시흥산업진흥원 지원사업,경기서부지사,보험료지원,2025.01.01 ~ 2025.12.31,"17,000,000","3,166,610","300,000",N,0,수수료(보험료) 면제 방식,N,2025.04.04
130508,,,00002,010,광주광역시청,[광주광역시청] 2025년 광주광역시청 지원사업,광주전남지사,보험료지원,2025.01.01 ~ 2025.12.31,"170,000,000","126,279,310","3,000,000",N,0,수수료(보험료) 면제 방식,N,2025.05.12
130509,,,00006,017,전남도청,[전남도청] 2025년 전남도청 지원사업,광주전남지사,보험료지원,2025.01.01 ~ 2025.12.31,"100,000,000",0,"5,000,000",N,0,수수료(보험료) 면제 방식,N,2025.06.20
130408,,,00003,066,수원시청,[수원시청] 2025년 수원시 보험료지원사업,경기남부지사,보험료지원,2025.01.01 ~ 2025.11.30,"20,000,000","3,954,030","2,000,000",N,0,수수료(보험료) 면제 방식,N,2025.08.07
130308,,,00011,008,경남도청,[경남도청] [보험료지원] 2025년 경남도청 지원사업,경남지사,보험료지원,2025.01.01 ~ 2025.12.31,"700,000,000","251,430,210","3,000,000",N,0,수수료(보험료) 면제 방식,N,2025.06.11
130309,,,00005,008,경남도청,[경남도청] [보증료지원] 2025년 경남도청 지원사업,경남지사,보험료지원,2025.01.01 ~ 2025.12.31,"200,000,000","37,904,990","2,000,000",N,0,수수료(보험료) 면제 방식,N,2025.06.11
130208,,,00001,105,안양시청,[안양시청] (단체보험) 2025년 안양시 수출보험 지원사업,경기남부지사,보험료지원,2025.01.01 ~ 2025.11.30,"22,000,000","6,466,320","300,000",N,0,수수료(보험료) 면제 방식,N,2025.07.24
130111,,,00001,011,강원특별자치도청,[강원특별자치도청] 2025년 강원특별자치도청 지원사업,강원지사,보험료지원,2025.01.01 ~ 2025.12.31,"35,000,000","4,651,890","1,500,000",N,0,수수료(보험료) 면제 방식,N,2025.03.20
130112,,,00004,247,대구은행,[대구은행] [IM뱅크]수출패키지 우대금융 업무협약,영업총괄실,보험료지원,2025.04.11 ~ 9999.12.31,"300,000,000","260,028,850","20,000,000",N,0,수수료(보험료) 면제 방식,N,2025.05.26
130108,,,00008,257,김해의생명산업진흥원,[김해의생명산업진흥원] [보험료지원] 2025년 김해의생명산업진흥원 지원사업,경남지사,보험료지원,2025.01.01 ~ 2025.12.31,"30,000,000","1,249,690","1,000,000",N,0,수수료(보험료) 면제 방식,N,2025.06.24
130109,,,00005,026,창원시청,[창원시청] [보험료지원] 2025년 창원시청 지원사업,경남지사,보험료지원,2025.03.27 ~ 2025.12.31,"45,000,000","476,140","1,000,000",N,0,수수료(보험료) 면제 방식,N,2025.07.08
130110,,,00004,052,밀양시청,[밀양시청] [보험료지원] 2025년 밀양시청 지원사업,경남지사,보험료지원,2025.01.01 ~ 2025.12.31,"15,600,000","1,116,720","2,000,000",N,0,수수료(보험료) 면제 방식,N,2025.07.16
130008,,,00005,246,전주시청,[전주시청] 2025 전주시 수출보험료 지원사업,전북지사,보험료지원,2025.01.01 ~ 2025.12.31,"30,000,000",0,"3,000,000",N,0,수수료(보험료) 면제 방식,N,2025.05.08
129908,,,00003,196,aT(한국농수산식품유통공사),[aT(한국농수산식품유통공사)] 2025년 aT(한국농수산식품유통공사) 지원사업,영업총괄실,보험료지원+추심수수료지원,2025.01.01 ~ 2025.12.31,"2,458,600,000",0,"110,000,000",N,0,수수료(보험료) 면제 방식,,2025.07.24
129811,,,00001,121,울산광역시청,[울산광역시청] [울산시청]2025 울산시청 수출보험보증료 지원사업,울산지사,보험료지원,2025.01.01 ~ 2025.12.31,"197,000,000","102,912,440","4,000,000",N,0,수수료(보험료) 면제 방식,N,2025.04.23
129812,,,00005,031,서울특별시청,[서울특별시청] [보험료지원] 2025년 서울시청(중앙지사) 지원사업,중앙지사,보험료지원,2025.01.01 ~ 2025.12.31,"870,000,000","382,039,020","3,000,000",N,0,수수료(보험료) 면제 방식,N,2025.08.07
129813,,,00004,031,서울특별시청,[서울특별시청] [단체보험] 2025년 서울특별시청 지원사업,중앙지사,보험료지원,2025.01.01 ~ 2025.12.31,"550,000,000","241,979,840","300,000",N,0,수수료(보험료) 면제 방식,N,2025.08.07
129814,,,00004,031,서울특별시청,[서울특별시청] [보험료지원] 2025년 서울시청(강남지사) 지원사업,강남지사,보험료지원,2025.01.01 ~ 2025.12.31,"605,000,000","189,864,830","3,000,000",N,0,수수료(보험료) 면제 방식,N,2025.08.07
129815,,,00002,031,서울특별시청,[서울특별시청] [서울특별시청][보험료지원] 2025년 서울시청(구로디지털지사) 지원사업,구로디지털지사,보험료지원,2025.01.01 ~ 2025.12.31,"475,000,000","184,779,300","3,000,000",N,0,수수료(보험료) 면제 방식,N,2025.08.07
129808,,,00002,171,진천군청,[진천군청] 2025년 진천군청 지원사업,충북지사,보험료지원,2025.01.01 ~ 2025.12.31,"19,000,000",0,"1,000,000",N,0,수수료(보험료) 면제 방식,N,2025.03.24
129809,,,00001,106,성남시청,[성남시청] 2025년 성남시 보험료지원사업,경기남부지사,보험료지원,2025.01.01 ~ 2025.11.30,"25,000,000","7,144,670","700,000",N,0,수수료(보험료) 면제 방식,N,2025.04.10
129810,,,00001,053,산림조합중앙회,[산림조합중앙회] 2025년 산림조합중앙회 지원사업,영업총괄실,보험료지원,2025.01.01 ~ 2025.12.31,"40,000,000","19,077,270","10,000,000",N,0,수수료(보험료) 면제 방식,,2025.05.13
129708,,,00000,131,익산시청,[익산시청] 2025 익산시 수출보험료지원사업,전북지사,보험료지원+신용조사수수료지원,2025.01.01 ~ 2025.12.31,"50,000,000",0,"4,000,000",N,0,수수료(보험료) 면제 방식,N,2025.03.05
129709,,,00001,170,구미시청,[구미시청] [보험료지원] 2025년 구미시청 지원사업,대구경북지사,보험료지원,2025.01.01 ~ 2025.12.31,"50,000,000","10,162,750","2,000,000",N,0,수수료(보험료) 면제 방식,N,2025.03.19
129608,,,00001,120,양산시청,[양산시청] 2025년 양산시청 지원사업,부산지사,보험료지원,2025.01.01 ~ 2025.12.31,"20,000,000","1,656,780","1,000,000",N,0,수수료(보험료) 면제 방식,N,2025.03.14
129609,,,00001,107,오산시청,[오산시청] 2025년 오산시청 지원사업,경기남부지사,보험료지원,2025.01.01 ~ 2025.11.30,"8,000,000","4,064,400","1,000,000",N,0,수수료(보험료) 면제 방식,N,2025.04.09
129518,,,00004,006,부산광역시청,[부산광역시청] 25년 보증료 지원사업(수출신용보증),부산지사,보험료지원,2025.01.01 ~ 2025.12.31,"300,000,000","159,540,440","4,000,000",N,0,수수료(보험료) 면제 방식,N,2025.07.15
129519,,,00001,006,부산광역시청,"[부산광역시청] 25년 보험료 지원사업(단기수출보험, 환변동보험)",부산지사,보험료지원,2025.01.01 ~ 2025.12.31,"700,000,000","36,707,400","1,500,000",N,0,수수료(보험료) 면제 방식,N,2025.03.14
129515,,,00003,144,칠곡군청,[칠곡군청] [보험료지원] 2025년 칠곡군청 지원사업,대구경북지사,보험료지원,2025.03.01 ~ 2025.12.31,"20,000,000","6,215,470","3,000,000",N,0,수수료(보험료) 환불 방식,N,2025.03.19
129516,,,00005,013,대구광역시청,[대구광역시청] [환변동보험료] 2025년 대구광역시청 지원사업,대구경북지사,보험료지원,2025.01.01 ~ 2025.12.31,"607,510",0,"607,510",N,0,수수료(보험료) 면제 방식,N,2025.08.05
129517,,,00009,013,대구광역시청,[대구광역시청] [보험료지원(환제외)] 2025년 대구광역시청 지원사업,대구경북지사,보험료지원,2025.01.01 ~ 2025.12.31,"299,392,490","117,520","4,000,000",N,0,수수료(보험료) 면제 방식,N,2025.08.05
129208,,,00005,190,안산시청,[안산시청] 2025년 안산시청 지원사업,경기서부지사,보험료지원,2025.01.01 ~ 2025.12.31,"1,913,150",0,"700,000",N,0,수수료(보험료) 환불 방식,N,2025.06.10
129308,,,00001,004,부천시청,[부천시청] 2025년 부천시청 보험료 지원사업,인천지사,보험료지원,2025.01.01 ~ 2025.12.31,"7,700,000","2,345,270","500,000",N,0,수수료(보험료) 면제 방식,N,2025.03.07
129309,,,00001,004,부천시청,[부천시청] 2025년 부천시청 단체보험 보험료지원사업,인천지사,보험료지원,2025.01.02 ~ 2026.01.01,"5,800,000","2,998,280","500,000",N,0,수수료(보험료) 면제 방식,N,2025.03.07
129408,,,00003,190,안산시청,[안산시청] 2025년 (단체) 안산시청 지원사업,경기서부지사,보험료지원,2025.01.01 ~ 2025.12.31,"18,086,850","6,213,480","300,000",N,0,수수료(보험료) 면제 방식,N,2025.06.10
129112,,,00003,085,안양산업진흥원,[안양산업진흥원] 2025년 안양시 수출보험 지원사업,경기남부지사,보험료지원,2025.01.01 ~ 2025.11.30,"7,656,900","3,074,610","700,000",N,0,수수료(보험료) 면제 방식,N,2025.07.24
129111,,,00003,156,화성시청,[화성시청] 2025년 화성시청 지원사업,경기남부지사,보험료지원,2025.01.01 ~ 2025.12.31,"12,000,000","5,772,960","1,000,000",N,0,수수료(보험료) 환불 방식,N,2025.04.10
129008,,,00001,084,천안시청,[천안시청] 2025년 천안시 수출보험(보증)료 지원사업,천안출장소,보험료지원,2025.01.01 ~ 2025.12.31,"60,000,000","3,379,950","2,000,000",N,0,수수료(보험료) 면제 방식,N,2025.02.17
129009,,,00001,001,인천광역시청,[인천광역시청] 2025년 인천시청 보험료 지원사업,인천지사,보험료지원,2025.01.01 ~ 2025.12.31,"113,000,000","24,534,030","1,000,000",N,0,수수료(보험료) 면제 방식,N,2025.02.24
128908,,,00000,256,의정부시 기업지원센터,[의정부시 기업지원센터] 2025년 의정부시 기업지원센터 보험료 지원사업(단체보험),경기북부지사,보험료지원,2025.01.02 ~ 2025.12.31,"5,000,000","5,000,000",1,N,0,수수료(보험료) 면제 방식,N,2025.02.11
128909,,,00002,135,함안군청,[함안군청] [보험료지원] 2025년 함안군청 지원사업,경남지사,보험료지원,2025.02.17 ~ 2025.12.31,"12,000,000","1,547,160","1,000,000",N,0,수수료(보험료) 면제 방식,N,2025.08.04
128910,,,00000,122,울주군청,[울주군청] 2025 울주군청 수출보험보증료 지원사업,울산지사,보험료지원,2025.02.10 ~ 2025.12.31,"22,000,000","22,000,000","2,000,000",N,0,수수료(보험료) 면제 방식,N,2025.02.11
128911,,,00005,118,한국수산무역협회,[한국수산무역협회] 2025년 한국수산무역협회 보험료지원사업,영업총괄실,보험료지원,2025.01.01 ~ 2025.12.31,"639,000,000",0,"45,000,000",N,0,수수료(보험료) 면제 방식,,2025.07.31
128814,,,00003,149,김포시청,[김포시청] 2025년 김포시청 보험료 지원사업,경기북부지사,보험료지원,2025.01.02 ~ 2025.12.31,"8,277,590","1,435,840","1,000,000",N,0,수수료(보험료) 면제 방식,N,2025.07.16
128815,,,00002,149,김포시청,[김포시청] 2025년 김포시청 보험료 지원사업(단체보험),경기북부지사,보험료지원,2025.01.02 ~ 2025.12.31,"16,722,410","4,819,490","1,000,000",N,0,수수료(보험료) 면제 방식,N,2025.07.16
128816,,,00003,182,파주시청,[파주시청] 2025년 파주시청 보험료 지원사업,경기북부지사,보험료지원,2025.01.02 ~ 2025.12.31,"8,542,590","1,500,000","1,000,000",N,0,수수료(보험료) 면제 방식,N,2025.07.16
128817,,,00002,182,파주시청,[파주시청] 2025년 파주시청 보험료 지원사업(단체보험),경기북부지사,보험료지원,2025.01.02 ~ 2025.12.31,"21,457,410","12,787,350","1,000,000",N,0,수수료(보험료) 면제 방식,N,2025.07.16
128818,,,00003,021,충북도청,[충북도청] 2025년 충북도청 지원사업(중소중견플러스보험 1백만원 이하),충북지사,보험료지원,2025.01.01 ~ 2025.12.31,"10,000,000","3,761,440","1,000,000",N,0,수수료(보험료) 면제 방식,N,2025.06.25
128819,,,00002,029,세종특별자치시청,[세종특별자치시청] 2025년 세종특별자치시청 지원사업,대전세종충남지사,보험료지원,2025.01.01 ~ 2025.12.31,"18,000,000","1,591,020","2,000,000",N,0,수수료(보험료) 면제 방식,N,2025.03.19
128820,,,00002,029,세종특별자치시청,[세종특별자치시청] 2025년 세종특별자치시청 지원사업(단체보험),대전세종충남지사,보험료지원,2025.01.01 ~ 2025.12.31,"10,000,000","729,890","500,000",N,0,수수료(보험료) 면제 방식,N,2025.03.19
128808,,,00001,016,원주시청,[원주시청] 2025년 원주시청 지원사업,강원지사,보험료지원,2025.01.01 ~ 2025.12.31,"40,000,000","17,281,910","1,500,000",N,0,수수료(보험료) 면제 방식,N,2025.06.17
128809,,,00000,178,당진시청,[당진시청] 2025년 당진시 수출입보험(보증)료 지원사업[단체보험],천안출장소,보험료지원,2025.01.01 ~ 2025.12.31,"8,000,000","1,919,640","300,000",N,0,수수료(보험료) 면제 방식,N,2025.02.07
128810,,,00001,178,당진시청,[당진시청] 2025년 당진시 수출입보험(보증)료 지원사업,천안출장소,보험료지원,2025.01.01 ~ 2025.12.31,"2,000,000","690,400","1,000,000",N,0,수수료(보험료) 면제 방식,N,2025.02.07
128811,,,00007,021,충북도청,[충북도청] 2025년 충북도청 지원사업,충북지사,보험료지원+신용조사수수료지원,2025.01.01 ~ 2025.12.31,"200,000,000","62,116,180","3,000,000",N,0,수수료(보험료) 면제 방식,N,2025.06.25
128812,,,00005,021,충북도청,[충북도청] 2025년 충북도청 지원사업(단체보험),충북지사,보험료지원,2025.01.01 ~ 2025.12.31,"280,000,000","9,763,360","300,000",N,0,수수료(보험료) 면제 방식,N,2025.06.25
128813,,,00001,021,충북도청,[충북도청] 2025년 충북도청 지원사업(지원요건 초과 기업),충북지사,보험료지원,2025.01.01 ~ 2025.12.31,"10,000,000","6,260,540","1,000,000",N,0,수수료(보험료) 면제 방식,N,2025.05.09
128708,,,00001,243,진주시청,[진주시청] [보험료지원] 2025년 진주시청 지원사업,경남지사,보험료지원,2025.01.01 ~ 2025.12.31,"13,000,000",0,"2,000,000",N,0,수수료(보험료) 면제 방식,N,2025.02.24
128608,,,00000,251,김제시청,[김제시청] 2025 김제시 수출보험료지원사업,전북지사,보험료지원,2025.01.01 ~ 2025.12.31,"20,000,000","1,350,470","2,000,000",N,0,수수료(보험료) 면제 방식,N,2025.02.03
128508,,,00002,001,인천광역시청,[인천광역시청] 2025년 인천시청 지원사업(단체보험),인천지사,보험료지원,2025.01.02 ~ 2026.01.01,"87,000,000","42,938,060","500,000",N,0,수수료(보험료) 면제 방식,N,2025.02.24
128509,,,00002,096,전북특별자치도청,[전북특별자치도청] 2025 전북도 수출보험 가입지원사업,전북지사,보험료지원+신용조사수수료지원,2025.01.01 ~ 2025.12.31,"250,000,000","10,727,820","3,000,000",Y,"1,000,000",수수료(보험료) 면제 방식,N,2025.01.24
128408,,,00001,061,경산시청,[경산시청] [보험료지원] 2025년 경산시청 지원사업,대구경북지사,보험료지원,2025.01.01 ~ 2025.12.31,"20,000,000",0,"2,000,000",N,0,수수료(보험료) 면제 방식,N,2025.01.22
128409,,,00005,012,경북도청,[경북도청] [보험료지원] 2025년 경북도청 지원사업,대구경북지사,보험료지원,2025.01.01 ~ 2025.12.31,"450,000,000","3,382,240","4,000,000",N,0,수수료(보험료) 면제 방식,N,2025.07.16
128314,,,00000,430,춘천시청,[춘천시청] 2025년 춘천시청 지원사업,강원지사,보험료지원+신용조사수수료지원,2025.01.01 ~ 2025.12.31,"10,000,000","2,043,440","1,000,000",N,0,수수료(보험료) 면제 방식,N,2025.01.16
128308,,,00002,151,대구 달성군청,[대구 달성군청] [보험료지원] 2025년 대구 달성군청 지원사업,대구경북지사,보험료지원,2025.01.01 ~ 2025.12.31,"50,000,000","13,502,490","3,000,000",N,0,수수료(보험료) 환불 방식,N,2025.01.15
128309,,,00001,022,충주시청,[충주시청] 2025년 충주시청 지원사업,충북지사,보험료지원,2025.02.01 ~ 2025.11.30,"10,000,000","4,498,570","1,000,000",N,0,수수료(보험료) 면제 방식,N,2025.02.20
128310,,,00007,065,제주특별자치도청,[제주특별자치도청] 2025년 제주특별자치도청 지원사업,제주지사,보험료지원+신용조사수수료지원,2025.01.01 ~ 2025.12.31,"170,000,000","99,586,520","6,000,000",N,0,수수료(보험료) 면제 방식,N,2025.05.26
128311,,,00005,185,음성군청,[음성군청] 2025년 음성군청 지원사업,충북지사,보험료지원,2025.01.01 ~ 2025.12.31,"25,000,000","1,755,050","1,000,000",N,0,수수료(보험료) 면제 방식,N,2025.02.20
128312,,,00002,030,충남도청,[충남도청] 2025년 충남도청 지원사업(단체보험),대전세종충남지사,보험료지원,2025.01.01 ~ 2025.12.31,"90,000,000","59,229,200","500,000",N,0,수수료(보험료) 면제 방식,N,2025.02.27
128313,,,00003,030,충남도청,[충남도청] 2025년 충남도청 지원사업,대전세종충남지사,보험료지원+신용조사수수료지원,2025.01.01 ~ 2025.12.31,"260,000,000","2,472,920","3,000,000",N,0,수수료(보험료) 면제 방식,N,2025.03.21
128208,,,00005,007,대전광역시청,[대전광역시청] 2025년 대전광역시청 지원사업(단체보험),대전세종충남지사,보험료지원,2025.01.01 ~ 2025.12.31,"45,000,000","2,655,570","500,000",N,0,수수료(보험료) 면제 방식,N,2025.02.18
128209,,,00000,015,한국무역협회,[한국무역협회] 2025년 한국무역협회 지원사업(단체보험),영업총괄실,보험료지원,2025.01.01 ~ 2025.12.31,"150,000,000","94,589,150","1,000,000",N,0,수수료(보험료) 환불 방식,,2025.01.08
128008,,,00001,255,소상공인시장진흥공단,[소상공인시장진흥공단] 2024년 소상공인시장진흥공단 단체보험,영업총괄실,보험료지원,2024.01.01 ~ 2024.12.31,"4,867,100",0,"300,000",N,0,수수료(보험료) 면제 방식,N,2024.12.24
127908,,,00005,032,기업은행,[기업은행] 수출패키지 우대금융 업무협약,영업총괄실,보험료지원,2025.01.22 ~ 9999.12.31,"2,000,000,000","460,036,380","20,000,000",N,0,수수료(보험료) 면제 방식,N,2025.06.05
127808,,,00000,051,부산은행,[부산은행] 수출패키지 우대금융 업무협약,영업총괄실,보험료지원,2025.01.08 ~ 9999.12.31,"150,000,000","93,327,780","10,000,000",N,0,수수료(보험료) 면제 방식,,2024.11.29
127809,,,00001,249,한국방위산업진흥회,[한국방위산업진흥회]  2024년 한국방위산업진흥회 단체보험 지원사업,영업총괄실,보험료지원,2024.01.01 ~ 2024.12.31,"5,860,690",0,"300,000",N,0,수수료(보험료) 면제 방식,N,2024.12.24
127708,,,00003,254,한국소방산업기술원,[한국소방산업기술원] 한국소방산업기술원 단체보험,경기남부지사,보험료지원,2024.01.01 ~ 2024.12.31,"7,731,760",0,"500,000",N,0,수수료(보험료) 면제 방식,N,2025.01.08
127608,,,00005,010,광주광역시청,[광주광역시청] [단체보험] 2024년 광주광역시청 지원사업,광주전남지사,보험료지원,2024.01.01 ~ 2024.12.31,"47,273,550",0,"300,000",N,0,수수료(보험료) 면제 방식,N,2024.12.13
127508,,,00001,017,전남도청,[전남도청] 2024년 농수산물 수출보험료 지원사업,광주전남지사,보험료지원,2024.01.01 ~ 2024.12.31,"60,000,000","23,280,690","4,000,000",N,0,수수료(보험료) 면제 방식,N,2024.09.09
127408,,,00004,252,한국지역난방공사,[한국지역난방공사] 2024년 지역난방공사 보험(보증)료지원사업,영업총괄실,보험료지원,2024.01.01 ~ 2024.12.31,"27,317,160",0,"2,000,000",N,0,수수료(보험료) 면제 방식,,2024.11.01
127308,,,00002,090,신한은행,[신한은행] 2024년 신한은행 지원사업(단체보험),영업총괄실,보험료지원,2024.01.01 ~ 2024.12.31,"30,529,910",0,"28,000",N,0,수수료(보험료) 환불 방식,,2024.12.24
127208,,,00002,196,aT(한국농수산식품유통공사),[aT(한국농수산식품유통공사)] 2024년 aT(한국농수산식품유통공사) 소액한도 지원사업,영업총괄실,보험료지원,2024.01.01 ~ 2024.12.31,"3,932,740",0,"27,610",N,0,수수료(보험료) 면제 방식,,2024.12.13
127109,,,00001,091,중소기업중앙회,[중소기업중앙회] 2024년 중소기업중앙회 지원사업(단체보험),영업총괄실,보험료지원,2024.01.01 ~ 2024.12.31,"191,940",0,"30,000",N,0,수수료(보험료) 면제 방식,,2024.09.20
127108,,,00002,012,경북도청,[경북도청] [보험료지원] 2024년 경북도청 지원사업 (단체보험),대구경북지사,보험료지원,2024.01.01 ~ 2024.12.31,0,0,0,N,0,수수료(보험료) 면제 방식,N,2024.07.19
127008,,,00003,222,속초시청,[속초시청] 2024년 속초시청 지원사업,강원지사,보험료지원,2024.01.01 ~ 2024.12.31,"1,366,900",0,"273,380",N,0,수수료(보험료) 면제 방식,N,2024.06.10
127009,,,00001,226,홍천군청,[홍천군청] 2024년 홍천군청 지원사업,강원지사,보험료지원,2024.01.01 ~ 2024.12.31,"2,733,800",0,"273,380",N,0,수수료(보험료) 면제 방식,N,2024.06.10
127010,,,00001,207,인제군청,[인제군청] 2024년 인제군청 지원사업,강원지사,보험료지원,2024.01.01 ~ 2024.12.31,"2,733,800",0,"273,380",N,0,수수료(보험료) 면제 방식,N,2024.06.10
126908,,,00000,179,한국장애인고용공단,[한국장애인고용공단]  2024년 한국장애인고용공단 지원사업(단체보험),영업총괄실,보험료지원,2024.01.01 ~ 2024.12.31,"547,600",0,"30,000",N,0,수수료(보험료) 면제 방식,N,2024.05.16
126808,,,00001,248,한국남부발전(주),[한국남부발전(주)] 2024년 한국남부발전 보험(보증)료 지원사업,영업총괄실,보험료지원,2024.01.01 ~ 2024.12.31,"20,000,000","20,000,000","5,000,000",N,0,수수료(보험료) 면제 방식,N,2024.05.13
126708,,,00007,017,전남도청,[전남도청] [단체보험]2024년 전남도청 지원사업,광주전남지사,보험료지원,2024.01.01 ~ 2024.12.31,"44,871,680","1,601,160","300,000",N,0,수수료(보험료) 면제 방식,N,2024.12.05
126608,,,00004,053,산림조합중앙회,[산림조합중앙회] 2024년 산림조합중앙회 지원사업,영업총괄실,보험료지원,2024.01.01 ~ 2024.12.30,"43,772,320",0,"10,000,000",N,0,수수료(보험료) 면제 방식,N,2024.12.30
126609,,,00005,100,아산시청,[아산시청] 2024년 아산시 수출보험료 지원사업,천안출장소,보험료지원,2024.04.16 ~ 2024.12.31,"18,000,000",0,"1,000,000",N,0,수수료(보험료) 면제 방식,N,2024.10.16
126508,,,00061,008,경남도청,[경남도청] [경남도청][보험료지원] 2024년 경남도청 지원사업,경남지사,보험료지원,2024.01.01 ~ 2024.12.31,"650,000,000",0,"5,000,000",N,0,수수료(보험료) 면제 방식,N,2024.12.19
126509,,,00004,008,경남도청,[경남도청] [경남도청][보증료지원] 2024년 경남도청 지원사업,경남지사,보험료지원,2024.01.01 ~ 2024.12.31,"200,000,000",0,"3,000,000",N,0,수수료(보험료) 면제 방식,N,2024.06.12
126408,,,00001,011,강원특별자치도청,[강원도청] 2024년 강원도청 지원사업,강원지사,보험료지원,2024.01.01 ~ 2024.12.31,"30,000,000",0,"1,500,000",N,0,수수료(보험료) 면제 방식,N,2024.06.10
126309,,,00000,175,경기도청,[경기도청] 2024년 경기도청 보험료지원사업,경기남부지사,보험료지원,2024.01.01 ~ 2024.12.31,"650,000,000","50,680","100,000",N,0,수수료(보험료) 면제 방식,N,2024.04.01
126308,,,00002,246,전주시청,[전주시청] 2024 전주시 수출보험료지원사업,전북지사,보험료지원,2024.01.01 ~ 2024.12.31,"30,000,000",0,"3,000,000",N,0,수수료(보험료) 면제 방식,N,2024.03.29
126208,,,00002,128,시흥산업진흥원,[시흥산업진흥원] 2024년 (단체) 시흥산업진흥원 지원사업,경기서부지사,보험료지원,2024.01.01 ~ 2024.12.31,"11,871,300",0,"300,000",N,0,수수료(보험료) 면제 방식,N,2024.12.05
126209,,,00001,148,TIPA(중소기업기술정보진흥원),[TIPA(중소기업기술정보진흥원)] [보험료지원] 2024년 TIPA(중소기업기술정보진흥원) 지원사업,영업총괄실,보험료지원,2024.01.01 ~ 2024.12.31,"28,896,100","15,631,260","300,000",N,0,수수료(보험료) 면제 방식,,2024.05.29
126108,,,00002,107,오산시청,[오산시청] (단체보험) 2024년 오산시청 지원사업,경기남부지사,보험료지원,2024.01.01 ~ 2024.11.30,"10,613,760",0,"300,000",N,0,수수료(보험료) 면제 방식,N,2024.10.24
126010,,,00006,106,성남시청,[성남시청] (단체보험) 2024년 성남시청 지원사업,경기남부지사,보험료지원,2024.01.01 ~ 2024.12.31,"26,270,100",0,"300,000",N,0,수수료(보험료) 면제 방식,N,2024.11.21
126011,,,00002,144,칠곡군청,[칠곡군청] [보험료지원] 2024년 칠곡군청 지원사업,대구경북지사,보험료지원,2024.04.01 ~ 2024.12.31,"20,000,000",0,"3,000,000",N,0,수수료(보험료) 환불 방식,N,2024.05.03
126012,,,00003,156,화성시청,[화성시청] (경기남부) 단체보험 2024년 화성시청 지원사업,경기남부지사,보험료지원,2024.01.01 ~ 2024.12.31,"14,748,740",0,"300,000",N,0,수수료(보험료) 면제 방식,N,2024.12.06
126008,,,00011,030,충남도청,[충남도청] 2024년 충남도청 지원사업 (단체보험),대전세종충남지사,보험료지원,2024.01.01 ~ 2024.12.31,"88,158,950",0,"500,000",N,0,수수료(보험료) 면제 방식,N,2024.12.18
126009,,,00033,030,충남도청,[충남도청] 2024년 충남도청 지원사업,대전세종충남지사,보험료지원+신용조사수수료지원,2024.01.01 ~ 2024.12.31,"361,841,050",0,"3,000,000",N,0,수수료(보험료) 면제 방식,N,2024.12.27
125908,,,00002,171,진천군청,[진천군청] 2024년 진천군청 지원사업,충북지사,보험료지원,2024.01.01 ~ 2024.12.31,"20,000,000",0,"1,000,000",N,0,수수료(보험료) 면제 방식,N,2024.03.27
125808,,,00007,105,안양시청,[안양시청] (단체보험)2024년 안양시 보험료지원사업,경기남부지사,보험료지원,2024.01.01 ~ 2024.11.30,"20,620,120",0,"300,000",N,0,수수료(보험료) 면제 방식,N,2024.11.06
125708,,,00001,251,김제시청,[김제시청] 2024 김제시 수출보험지원사업,전북지사,보험료지원,2024.01.01 ~ 2024.12.31,"20,000,000",0,"2,000,000",N,0,수수료(보험료) 면제 방식,N,2024.05.07
125709,,,00004,128,시흥산업진흥원,[시흥산업진흥원] 2024년 시흥산업진흥원 지원사업,경기서부지사,보험료지원,2024.01.01 ~ 2024.12.31,"8,128,700",0,"700,000",N,0,수수료(보험료) 면제 방식,N,2024.12.05
125608,,,00005,243,진주시청,[진주시청] [보험료지원] 2024년 진주시청 지원사업,경남지사,보험료지원,2024.01.01 ~ 2024.12.31,"10,000,000",0,"1,000,000",N,0,수수료(보험료) 면제 방식,N,2024.11.11
125609,,,00002,026,창원시청,[창원시청] [보험료지원] 2024년 창원시청 지원사업,경남지사,보험료지원,2024.03.25 ~ 2024.12.31,"50,000,000",0,"1,000,000",N,0,수수료(보험료) 면제 방식,N,2024.03.29
125610,,,00002,107,오산시청,[오산시청] 2024년 오산시청 지원사업 ,경기남부지사,보험료지원,2024.01.01 ~ 2024.11.30,"9,386,240",0,"1,000,000",N,0,수수료(보험료) 면제 방식,N,2024.10.24
125611,,,00002,066,수원시청,[수원시청] 2024년 수원시청 지원사업 ,경기남부지사,보험료지원,2024.01.01 ~ 2024.11.30,"20,000,000",0,"1,000,000",N,0,수수료(보험료) 면제 방식,N,2024.06.13
125508,,,00003,135,함안군청,[함안군청] [보험료지원] 2024년 함안군청 지원사업,경남지사,보험료지원,2024.03.25 ~ 2024.12.31,"20,000,000",0,"1,000,000",N,0,수수료(보험료) 면제 방식,N,2024.09.13
125509,,,00006,086,김해중소기업비즈니스센터,[김해중소기업비즈니스센터] [보험료지원] 2024년 김해중소기업비즈니스센터 지원사업,경남지사,보험료지원,2024.01.01 ~ 2024.12.31,"30,000,000",0,"1,000,000",N,0,수수료(보험료) 면제 방식,N,2024.10.28
125409,,,00002,084,천안시청,[천안시청] 2024년 천안시 수출보험(보증)료 지원사업,천안출장소,보험료지원,2024.02.28 ~ 2024.12.31,"60,000,000",0,"2,000,000",N,0,수수료(보험료) 면제 방식,N,2024.11.27
125408,,,00003,189,하나은행,[하나은행] [수수료지원] 하나은행 추심대행 수수료 지원 협약,국외채권부,추심수수료지원,2024.03.04 ~ 9999.12.31,"200,000,000","129,501,843","5,000,000",N,0,수수료(보험료) 환불 방식,Y,2025.01.02
125308,,,00004,131,익산시청,[익산시청] 2024년 익산시 수출보험료지원사업,전북지사,보험료지원+신용조사수수료지원,2024.01.01 ~ 2024.12.31,"50,000,000",0,"4,000,000",N,0,수수료(보험료) 면제 방식,N,2025.01.08
125309,,,00006,010,광주광역시청,[광주광역시청] 2024년 광주광역시청 지원사업,광주전남지사,보험료지원,2024.01.01 ~ 2024.12.31,"107,726,450",0,"3,000,000",N,0,수수료(보험료) 면제 방식,N,2024.12.16
125310,,,00002,190,안산시청,[안산시청] 2024년 (단체) 안산시청 지원사업,경기서부지사,보험료지원,2024.01.01 ~ 2024.12.31,"11,559,990",0,"300,000",N,0,수수료(보험료) 면제 방식,N,2024.12.05
125311,,,00011,052,밀양시청,[밀양시청] [보험료지원] 2024년 밀양시청 지원사업,경남지사,보험료지원,2024.01.01 ~ 2024.12.31,"30,000,000",0,"2,000,000",N,0,수수료(보험료) 면제 방식,N,2024.12.03
125208,,,00003,190,안산시청,[안산시청] 2024년 안산시청 지원사업,경기서부지사,보험료지원,2024.01.01 ~ 2024.12.31,"8,440,010",0,"700,000",N,0,수수료(보험료) 환불 방식,N,2024.12.05
125115,,,00006,189,하나은행,"[하나은행] [보험료지원] 하나은행 지원사업(중소중견Plus+, 다이렉트Plus+, 단체보험)",영업총괄실,보험료지원,2024.03.01 ~ 9999.12.31,"198,506,380","101,840,920","1,000,000",N,0,수수료(보험료) 면제 방식,N,2025.07.08
125112,,,00009,031,서울특별시청,[서울특별시청] [보험료지원] 2024년 서울시청(구로디지털지사) 지원사업,구로디지털지사,보험료지원,2024.01.01 ~ 2024.12.31,"496,585,130",0,"3,000,000",N,0,수수료(보험료) 면제 방식,N,2024.12.19
125113,,,00012,031,서울특별시청,[서울특별시청] [보험료지원] 2024년 서울시청(강남지사) 지원사업,강남지사,보험료지원,2024.01.01 ~ 2024.12.31,"628,134,680",0,"3,000,000",N,0,수수료(보험료) 면제 방식,N,2024.12.26
125114,,,00005,122,울주군청,[울주군청] 2024년 수출보험보증료지원사업 ,울산지사,보험료지원,2024.01.01 ~ 2024.12.31,"22,000,000","365,690","275,000",N,0,수수료(보험료) 면제 방식,N,2024.11.20
125108,,,00005,178,당진시청,[당진시청] 2024년 당진시 수출보험(보증)료 지원사업,천안출장소,보험료지원,2024.02.21 ~ 2024.12.31,"3,610,140",0,"1,000,000",N,0,수수료(보험료) 면제 방식,N,2024.12.04
125109,,,00002,178,당진시청,[당진시청] 2024년 당진시 수출보험(보증)료 지원[단체보험],천안출장소,보험료지원,2024.02.21 ~ 2024.12.31,"6,389,860",0,"300,000",N,0,수수료(보험료) 면제 방식,N,2024.10.17
125110,,,00018,031,서울특별시청,[서울특별시청] [보험료지원] 2024년 서울시청(중앙지사) 지원사업,중앙지사,보험료지원,2024.01.01 ~ 2024.12.31,"896,760,530",0,"3,000,000",N,0,수수료(보험료) 면제 방식,N,2024.12.26
125111,,,00009,031,서울특별시청,[서울특별시청] [단체보험] 2024년 서울특별시청 지원사업,중앙지사,보험료지원,2024.01.01 ~ 2024.12.31,"478,519,660",0,"300,000",N,0,수수료(보험료) 면제 방식,N,2024.12.02
125018,,,00007,085,안양산업진흥원,[안양산업진흥원] 2024년 안양산업진흥원 지원사업,경기남부지사,보험료지원,2024.01.01 ~ 2024.11.30,"8,889,077",0,"700,000",N,0,수수료(보험료) 면제 방식,N,2024.11.06
125014,,,00009,106,성남시청,[성남시청] 2024년 성남시청 지원사업,경기남부지사,보험료지원,2024.01.01 ~ 2024.11.30,"23,729,900",0,"700,000",N,0,수수료(보험료) 면제 방식,N,2024.12.10
125015,,,00005,029,세종특별자치시청,[세종특별자치시청] 2024년 세종특별자치시청 지원사업,대전세종충남지사,보험료지원,2024.01.01 ~ 2024.12.31,"20,392,380",0,"2,000,000",N,0,수수료(보험료) 면제 방식,N,2024.11.12
125016,,,00005,029,세종특별자치시청,[세종특별자치시청] 2024년 세종특별자치시청 지원사업(단체보험),대전세종충남지사,보험료지원,2024.01.01 ~ 2024.12.31,"9,607,620",0,"500,000",N,0,수수료(보험료) 면제 방식,N,2024.11.12
125017,,,00005,156,화성시청,[화성시청] (경기남부) 2024년 화성시청 지원사업,경기남부지사,보험료지원,2024.01.01 ~ 2024.12.31,"7,251,260",0,"1,000,000",N,0,수수료(보험료) 환불 방식,N,2024.12.06
125008,,,00008,189,하나은행,[하나은행] 수출패키지 우대금융 업무협약,영업총괄실,보험료지원,2024.02.29 ~ 9999.12.31,"6,000,000,000","2,146,576,460","20,000,000",N,0,수수료(보험료) 면제 방식,,2025.05.19
125009,,,00007,090,신한은행,[신한은행] 수출패키지 우대금융 업무협약,영업총괄실,보험료지원,2024.03.29 ~ 9999.12.31,"2,400,000,000","723,658,190","20,000,000",N,0,수수료(보험료) 면제 방식,,2025.05.26
125011,,,00005,202,우리은행,[우리은행] 수출패키지 우대금융 업무협약,영업총괄실,보험료지원,2024.02.29 ~ 9999.12.31,"3,045,240,840","1,916,666,810","20,000,000",N,0,수수료(보험료) 면제 방식,,2025.08.06
125013,,,00006,196,aT(한국농수산식품유통공사),[aT(한국농수산식품유통공사)] [보험료지원] 2024년 aT(한국농수산식품유통공사) 지원사업,영업총괄실,보험료지원,2024.01.01 ~ 2024.12.31,"3,576,000,000",0,"100,000,000",N,0,수수료(보험료) 면제 방식,N,2024.12.11
124908,,,00008,121,울산광역시청,[울산광역시청] 2024년 수출보험보증료지원사업 ,울산지사,보험료지원,2024.01.01 ~ 2024.12.31,"197,000,000","21,862,510","4,000,000",N,0,수수료(보험료) 면제 방식,N,2024.08.20
124909,,,00003,021,충북도청,[충북도청] 2024년 충북도청 지원사업,충북지사,보험료지원,2024.01.01 ~ 2024.12.31,"223,121,440",0,"4,000,000",N,0,수수료(보험료) 면제 방식,N,2024.10.29
124910,,,00003,004,부천시청,[부천시청] 2024년 부천시청 보험료 지원사업,인천지사,보험료지원,2024.01.01 ~ 2024.12.31,"8,163,880",0,"500,000",N,0,수수료(보험료) 면제 방식,N,2024.12.13
124911,,,00003,004,부천시청,[부천시청] 2024 부천시청 단체보험 보험료지원사업,인천지사,보험료지원,2024.01.02 ~ 2025.01.01,"5,336,120",0,"500,000",N,0,수수료(보험료) 면제 방식,N,2024.12.13
124912,,,00003,021,충북도청,[충북도청] 2024년 충북도청 지원사업(단체보험),충북지사,보험료지원,2024.01.01 ~ 2024.12.31,"270,534,420",0,"300,000",N,0,수수료(보험료) 면제 방식,N,2024.08.29
124913,,,00002,021,충북도청,[충북도청] 2024년 충북도청 지원사업(지원요건 초과 기업),충북지사,보험료지원,2024.01.01 ~ 2024.12.31,"6,344,140",0,"1,000,000",N,0,수수료(보험료) 면제 방식,N,2024.10.29
124808,,,00010,182,파주시청,[파주시청] 2024년 파주시청 보험료 지원사업,경기북부지사,보험료지원,2024.01.02 ~ 2024.12.31,"14,161,680",0,"700,000",N,0,수수료(보험료) 면제 방식,N,2024.12.03
124809,,,00009,182,파주시청,[파주시청] 2024년 파주시청 보험료 지원사업(단체보험),경기북부지사,보험료지원,2024.01.02 ~ 2024.12.31,"15,838,320",0,"300,000",N,0,수수료(보험료) 면제 방식,N,2024.12.03
124810,,,00005,149,김포시청,[김포시청] 2024년 김포시청 보험료 지원사업,경기북부지사,보험료지원,2024.01.02 ~ 2024.12.31,"7,144,820",0,"700,000",N,0,수수료(보험료) 면제 방식,N,2024.12.03
124811,,,00004,149,김포시청,[김포시청] 2024년 김포시청 보험료 지원사업(단체보험),경기북부지사,보험료지원,2024.01.02 ~ 2024.12.31,"12,855,180",0,"300,000",N,0,수수료(보험료) 면제 방식,N,2024.12.03
124712,,,00008,017,전남도청,[전남도청] 2024년 전남도청 지원사업,광주전남지사,보험료지원,2024.01.01 ~ 2024.12.31,"105,128,320",0,"3,000,000",N,0,수수료(보험료) 면제 방식,N,2024.12.19
124708,,,00000,185,음성군청,[음성군청] 2024년 음성군청 지원사업,충북지사,보험료지원,2024.01.01 ~ 2024.12.31,"25,000,000",0,"1,000,000",N,0,수수료(보험료) 면제 방식,N,2024.01.26
124709,,,00013,118,한국수산무역협회,[한국수산무역협회] 2024년 한국수산무역협회 보험료지원사업,영업총괄실,보험료지원+신용조사수수료지원,2024.01.01 ~ 2024.12.31,"648,358,700",0,"60,000,000",N,0,수수료(보험료) 면제 방식,N,2024.08.21
124710,,,00005,001,인천광역시청,[인천광역시청] 2024년 인천시청 보험료 지원사업,인천지사,보험료지원,2024.01.01 ~ 2024.12.31,"118,891,340",0,"1,000,000",N,0,수수료(보험료) 면제 방식,N,2024.12.13
124711,,,00003,001,인천광역시청,[인천광역시청] 2024년 인천시청 지원사업(단체보험),인천지사,보험료지원,2024.01.02 ~ 2025.01.01,"81,108,660",0,"500,000",N,0,수수료(보험료) 면제 방식,N,2024.12.13
124608,,,00006,096,전북특별자치도청,[전북특별자치도청] 2024년 전북도 수출보험가입지원사업 ,전북지사,보험료지원+신용조사수수료지원,2024.01.01 ~ 2024.12.31,"250,000,000",0,"3,000,000",Y,"1,000,000",수수료(보험료) 면제 방식,N,2025.01.08
124510,,,00004,015,한국무역협회,[한국무역협회] [보험료지원] 2024년 한국무역협회 지원사업(단체보험),영업총괄실,보험료지원,2024.01.01 ~ 2024.12.31,"150,000,000","49,414,440","1,000,000",N,0,수수료(보험료) 환불 방식,N,2025.01.08
124408,,,00001,170,구미시청,[구미시청] [보험료지원] 2024년 구미시청 지원사업,대구경북지사,보험료지원,2024.01.01 ~ 2024.12.31,"30,000,000",0,"2,000,000",N,0,수수료(보험료) 환불 방식,N,2024.01.23
124508,,,00003,012,경북도청,[경북도청] [보험료지원] 2024년 경북도청 지원사업,대구경북지사,보험료지원,2024.01.01 ~ 2024.12.31,"430,000,000",0,"4,000,000",N,0,수수료(보험료) 면제 방식,N,2024.07.19
124509,,,00000,061,경산시청,[경산시청] [보험료지원] 2024년 경산시청 지원사업,대구경북지사,보험료지원,2024.01.01 ~ 2024.12.31,"30,000,000",0,"2,000,000",N,0,수수료(보험료) 면제 방식,N,2024.01.22
124311,,,00001,151,대구 달성군청,[대구 달성군청] [보험료지원] 2024년 대구 달성군청 지원사업,대구경북지사,보험료지원,2024.01.01 ~ 2024.12.31,"50,000,000",0,"3,000,000",N,0,수수료(보험료) 환불 방식,N,2024.01.25
124308,,,00005,120,양산시청,[양산시청] [양산시청] [보험료지원] 2024년 양산시청 지원사업,부산지사,보험료지원,2024.01.01 ~ 2024.12.31,"20,000,000",0,"1,000,000",N,0,수수료(보험료) 면제 방식,N,2024.11.07
124309,,,00016,006,부산광역시청,"[부산광역시청] [부산광역시청][보험료지원] 2024년 부산광역시청 지원사업(단기수출보험, 환변동보험)",부산지사,보험료지원,2024.01.01 ~ 2024.12.31,"699,945,400",0,"1,800,000",N,0,수수료(보험료) 면제 방식,N,2024.12.11
124310,,,00002,006,부산광역시청,[부산광역시청] [부산광역시청][보증료지원] 2024년 부산광역시청 지원사업(수출신용보증),부산지사,보험료지원,2024.01.01 ~ 2024.12.31,"200,000,000","8,656,520","3,000,000",N,0,수수료(보험료) 면제 방식,N,2024.03.22
124208,,,00000,022,충주시청,[충주시청] 2024년 충주시청 지원사업,충북지사,보험료지원,2024.02.01 ~ 2024.11.30,"7,000,000",0,"1,000,000",N,0,수수료(보험료) 면제 방식,N,2024.01.17
124209,,,00003,013,대구광역시청,[대구광역시청] [보험료지원] 2024년 대구광역시청 지원사업,대구경북지사,보험료지원,2024.01.01 ~ 2024.12.31,"400,000,000",0,"5,000,000",N,0,수수료(보험료) 면제 방식,N,2024.03.26
124210,,,00004,065,제주특별자치도청,[제주특별자치도청] 2024년 제주특별자치도청 지원사업,제주지사,보험료지원+신용조사수수료지원,2024.01.02 ~ 2024.12.31,"200,000,000","37,561,630","6,000,000",N,0,수수료(보험료) 면제 방식,N,2024.12.30
124108,,,00005,016,원주시청,[원주시청] 2024년 원주시청 지원사업,강원지사,보험료지원,2024.01.01 ~ 2024.12.31,"30,000,000",0,"1,500,000",N,0,수수료(보험료) 면제 방식,N,2024.04.03
124110,,,00003,430,춘천시청,[춘천시청] 2024년 춘천시청 지원사업,강원지사,보험료지원+신용조사수수료지원,2024.01.01 ~ 2024.12.31,"10,000,000",0,"1,000,000",N,0,수수료(보험료) 면제 방식,N,2024.06.10
124008,,,00002,249,한국방위산업진흥회,[한국방위산업진흥회] [보험료지원] 2023년 한국방위산업진흥회 단체보험 지원사업,영업총괄실,보험료지원,2023.01.01 ~ 2023.12.31,"10,000,000","6,127,940","300,000",N,0,수수료(보험료) 면제 방식,N,2023.12.18
124109,,,00001,189,하나은행,[하나은행] [보험료지원] 외환은행(現 하나은행) 다이렉트보증 지원사업,디지털전략부,보험료지원,2023.11.01 ~ 2025.08.28,"300,000,000","76,134,850","10,000,000",N,0,수수료(보험료) 면제 방식,Y,2024.09.09
123908,,,00001,248,한국남부발전(주),[한국남부발전(주)] 2025년 한국남부발전 보험(보증)료 지원사업,영업총괄실,보험료지원,2023.01.01 ~ 2025.12.31,"25,000,000","20,000,000","5,000,000",N,0,수수료(보험료) 면제 방식,Y,2024.12.30
123808,,,00003,010,광주광역시청,[광주광역시청] [보험료지원] 2023년 광주광역시청 지원사업[단체보험],광주전남지사,보험료지원,2023.01.01 ~ 2023.12.31,"41,804,460",0,"300,000",N,0,수수료(보험료) 면제 방식,N,2023.12.20
123809,,,00004,017,전남도청,[전남도청] [보험료지원] 2023년 전남도청 지원사업[단체보험],광주전남지사,보험료지원,2023.01.01 ~ 2023.12.31,"30,368,220",0,"300,000",N,0,수수료(보험료) 면제 방식,N,2023.11.01
123708,,,00002,196,aT(한국농수산식품유통공사),[aT(한국농수산식품유통공사)] [보험료지원] 2023년 aT(한국농수산식품유통공사) 수출안전망 지원사업,영업총괄실,보험료지원,2023.01.01 ~ 2023.12.31,"2,884,680",0,"30,000",N,0,수수료(보험료) 면제 방식,N,2023.12.18
123611,,,00003,090,신한은행,[신한은행] 2023년 신한은행 지원사업(단체보험),영업총괄실,보험료지원,2023.01.01 ~ 2023.12.31,"31,057,860",0,"30,000",N,0,수수료(보험료) 면제 방식,,2023.08.07
123508,,,00007,118,한국수산무역협회,[한국수산무역협회] 2023년 한국수산무역협회 보험료지원사업,영업총괄실,보험료지원+신용조사수수료지원,2023.01.01 ~ 2023.12.31,"645,000,000",0,"71,300,000",N,0,수수료(보험료) 면제 방식,N,2023.09.15
123408,,,00006,187,한국산업단지공단,[한국산업단지공단] 2023년 한국산업단지공단 보험(보증)료 지원사업,영업총괄실,보험료지원,2023.01.01 ~ 2023.12.13,"8,800,130",0,"2,000,000",N,0,수수료(보험료) 면제 방식,Y,2023.11.27
123308,,,00001,247,대구은행,[대구은행] 2023년 대구은행 보증(험)료 지원사업,영업총괄실,보험료지원,2023.08.09 ~ 9999.12.31,"100,000,000","97,824,900","10,000,000",N,0,수수료(보험료) 면제 방식,,2023.07.26
123208,,,00002,207,인제군청,[인제군청] 2023년 인제군청 지원사업,강원지사,보험료지원,2023.01.01 ~ 2023.12.31,"2,612,200",0,"300,000",N,0,수수료(보험료) 면제 방식,N,2023.09.12
123209,,,00003,226,홍천군청,[홍천군청] 2023년 홍천군청 지원사업,강원지사,보험료지원,2023.01.01 ~ 2023.12.31,"2,873,420",0,"300,000",N,0,수수료(보험료) 면제 방식,N,2023.09.12
123210,,,00003,222,속초시청,[속초시청] 2023년 속초시청 지원사업,강원지사,보험료지원,2023.01.01 ~ 2023.12.31,"1,567,320",0,"300,000",N,0,수수료(보험료) 면제 방식,N,2023.09.12
123108,,,00003,100,아산시청,[아산시청] 2023년 아산시 수출보험료 지원사업,천안출장소,보험료지원,2023.05.01 ~ 2023.12.31,"18,000,000",0,"1,000,000",N,0,수수료(보험료) 면제 방식,N,2023.11.15
123008,,,00001,179,한국장애인고용공단,[한국장애인고용공단] [보험료지원] 2023년 한국장애인고용공단 지원사업(단체보험),영업총괄실,보험료지원,2023.01.01 ~ 2023.12.31,"453,390",0,"30,000",N,0,수수료(보험료) 면제 방식,N,2023.09.13
122908,,,00009,011,강원특별자치도청,[강원도청] 2023년 강원도청 지원사업,강원지사,보험료지원,2023.01.01 ~ 2023.12.31,"23,391,870",0,"1,500,000",N,0,수수료(보험료) 면제 방식,N,2023.12.05
122909,,,00004,011,강원특별자치도청,[강원도청] 2023년 강원도청 지원사업(단체보험),강원지사,보험료지원,2023.01.01 ~ 2023.12.31,"16,608,130",0,"300,000",N,0,수수료(보험료) 면제 방식,N,2023.09.06
122808,,,00001,144,칠곡군청,[칠곡군청] [보험료지원] 2023년 칠곡군청 지원사업,대구경북지사,보험료지원,2023.04.01 ~ 2024.03.31,"20,000,000",0,"3,000,000",N,0,수수료(보험료) 환불 방식,N,2023.04.19
122708,,,00002,091,중소기업중앙회,[중소기업중앙회] [보험료지원] 2023년 중소기업중앙회 지원사업,영업총괄실,보험료지원,2023.01.01 ~ 2023.12.31,"1,000,000","258,920","30,000",N,0,수수료(보험료) 면제 방식,N,2023.11.06
122709,,,00003,128,시흥산업진흥원,[시흥산업진흥원] 2023년 (단체) 시흥산업진흥원 지원사업,경기서부지사,보험료지원,2023.01.01 ~ 2023.12.31,"3,354,020",0,"300,000",N,0,수수료(보험료) 면제 방식,N,2023.12.11
122710,,,00003,121,울산광역시청,[울산광역시청] 2023년도 울산시청 수출보험보증료 지원사업 ,울산지사,보험료지원,2023.01.01 ~ 2023.12.31,"120,000,000","20,002,020","4,000,000",N,0,수수료(보험료) 환불 방식,N,2023.12.21
122608,,,00006,128,시흥산업진흥원,[시흥산업진흥원] 2023년 시흥산업진흥원 지원사업,경기서부지사,보험료지원,2023.01.01 ~ 2023.12.31,"11,645,980",0,"1,000,000",N,0,수수료(보험료) 환불 방식,N,2023.12.11
122508,,,00001,122,울주군청,[울주군청] 2023년도 울주군청 수출보험보증료 지원사업 ,울산지사,보험료지원,2023.01.01 ~ 2023.12.31,"22,000,000","2,052,140","2,000,000",N,0,수수료(보험료) 환불 방식,N,2023.10.16
122310,,,00016,006,부산광역시청,"[부산광역시청] [보험료지원] 2023년 부산광역시청 지원사업(단기수출보험, 환변동보험)",부산지사,보험료지원,2023.01.01 ~ 2023.12.31,"600,000,000",0,"1,800,000",N,0,수수료(보험료) 면제 방식,N,2023.11.29
122311,,,00005,006,부산광역시청,[부산광역시청] [보증료지원] 2023년 부산광역시청 지원사업(수출신용보증),부산지사,보험료지원,2023.01.01 ~ 2023.12.31,"200,000,000",0,"3,000,000",N,0,수수료(보험료) 면제 방식,N,2023.06.14
122312,,,00007,030,충남도청,[충남도청] 2023년 충남도청 지원사업 (단체보험),대전세종충남지사,보험료지원,2023.01.01 ~ 2023.12.31,"88,447,710",0,"500,000",N,0,수수료(보험료) 면제 방식,N,2023.10.31
122308,,,00009,016,원주시청,[원주시청] 2023년 원주시청 지원사업,강원지사,보험료지원,2023.01.01 ~ 2023.12.31,"30,000,000","270,840","1,500,000",N,0,수수료(보험료) 면제 방식,N,2023.08.03
122309,,,00004,053,산림조합중앙회,[산림조합중앙회] [보험료지원] 2023년 산림조합중앙회 지원사업,영업총괄실,보험료지원,2022.12.11 ~ 2023.12.20,"64,520,000",0,"10,000,000",N,0,수수료(보험료) 면제 방식,N,2023.12.05
122208,,,00007,156,화성시청,[화성시청] [경기서부] 단체보험 2023년 화성시청 지원사업,경기서부지사,보험료지원,2023.01.01 ~ 2023.12.31,0,0,0,N,0,수수료(보험료) 면제 방식,N,2023.05.15
122109,,,00001,044,울산상공회의소,[울산상공회의소] [보험료지원]2023년 울산상공회의소 지원사업(단체보험),울산지사,보험료지원,2023.01.01 ~ 2023.12.31,"4,200,000","278,700","280,000",N,0,수수료(보험료) 면제 방식,N,2023.03.23
122110,,,00001,121,울산광역시청,[울산광역시청] [보험료지원]2023년 울산시청 지원사업(단체보험),울산지사,보험료지원,2023.01.01 ~ 2023.12.31,"90,000,000","9,652,920","300,000",N,0,수수료(보험료) 면제 방식,N,2023.03.23
122108,,,00011,196,aT(한국농수산식품유통공사),[aT(한국농수산식품유통공사)] [보험료지원] 2023년 aT(한국농수산식품유통공사) 지원사업,영업총괄실,보험료지원,2023.01.01 ~ 2023.12.31,"2,507,048,040",0,"100,000,000",N,0,수수료(보험료) 면제 방식,N,2024.01.03
122104,,,00006,171,진천군청,[진천군청] 2023년 진천군청 지원사업,충북지사,보험료지원,2023.01.01 ~ 2023.12.31,"20,000,000",0,"1,000,000",N,0,수수료(보험료) 면제 방식,N,2023.05.17
122105,,,00003,066,수원시청,[수원시청] [단체보험] 2023년 수원시청 지원사업,경기남부지사,보험료지원,2023.01.01 ~ 2023.11.30,"10,088,120",0,"300,000",N,0,수수료(보험료) 면제 방식,N,2023.11.15
122106,,,00006,107,오산시청,[오산시청] 2023년 오산시청 지원사업 ,경기남부지사,보험료지원,2023.01.01 ~ 2023.11.30,"8,761,590","258,750","1,000,000",N,0,수수료(보험료) 환불 방식,N,2023.10.05
122107,,,00002,107,오산시청,[오산시청] [단체보험] 2023년 오산시청 지원사업,경기남부지사,보험료지원,2023.01.01 ~ 2023.11.30,"11,238,410",0,"300,000",N,0,수수료(보험료) 면제 방식,N,2023.10.05
122027,,,00006,175,경기도청,[경기도청] [인천지사]2023년 경기도청 보험료 지원사업,인천지사,보험료지원,2023.01.01 ~ 2023.12.31,"23,800,000",0,"900,000",N,0,수수료(보험료) 환불 방식,N,2023.11.13
122028,,,00037,008,경남도청,[경남도청] [보험료지원] 2023년 경남도청 지원사업,경남지사,보험료지원,2023.01.01 ~ 2023.12.31,"597,000,000",0,"5,000,000",N,0,수수료(보험료) 면제 방식,N,2023.12.21
122029,,,00009,008,경남도청,[경남도청] [보증료지원] 2023년 경남도청 지원사업(수출신용보증),경남지사,보험료지원,2023.01.01 ~ 2023.12.31,"253,000,000",0,"3,000,000",N,0,수수료(보험료) 면제 방식,N,2023.10.18
122014,,,00007,175,경기도청,[경기도청] [보험료지원] 2023년 경기도청(구로디지털지사) 지원사업,구로디지털지사,보험료지원,2023.01.01 ~ 2023.12.31,"13,900,000",0,"700,000",N,0,수수료(보험료) 환불 방식,N,2023.11.06
122015,,,00010,175,경기도청,[경기도청] 2023년 경기도청(경기서부지사) 지원사업,경기서부지사,보험료지원,2023.01.01 ~ 2023.12.31,"5,100,000",0,"700,000",N,0,수수료(보험료) 환불 방식,N,2023.11.14
122021,,,00009,175,경기도청,[경기도청] [보험료지원] 2023년 경기도청(강남지사) 지원사업,강남지사,보험료지원,2023.01.01 ~ 2023.12.31,"11,800,000",0,"700,000",Y,0,수수료(보험료) 면제 방식,N,2023.11.17
122022,,,00007,175,경기도청,[경기도청] [경기북부지사] 2023년 경기도청 보험료 지원사업,경기북부지사,보험료지원,2023.01.02 ~ 2023.12.31,"23,000,000",0,"700,000",N,0,수수료(보험료) 면제 방식,N,2023.11.06
122023,,,00021,156,화성시청,[화성시청] [경기서부] 2023년 화성시청 지원사업,경기서부지사,보험료지원,2023.01.01 ~ 2023.12.31,"2,188,610",0,"700,000",N,0,수수료(보험료) 환불 방식,N,2023.09.15
122025,,,00004,149,김포시청,[김포시청] 2023년 김포시청 보험료 지원사업,경기북부지사,보험료지원,2023.01.02 ~ 2023.12.31,"17,867,760",0,"700,000",N,0,수수료(보험료) 면제 방식,N,2023.12.11
122026,,,00005,149,김포시청,[김포시청] 2023년 김포시청 보험료 지원사업(단체보험),경기북부지사,보험료지원,2023.01.02 ~ 2023.12.31,"7,132,240",0,"300,000",N,0,수수료(보험료) 면제 방식,N,2023.12.11
122005,,,00003,086,김해중소기업비즈니스센터,[김해중소기업비즈니스센터] [보험료지원] 2023년 김해중소기업비즈니스센터 지원사업,경남지사,보험료지원,2023.01.01 ~ 2023.12.31,"30,000,000",0,"1,000,000",N,0,수수료(보험료) 면제 방식,N,2023.03.29
122006,,,00004,175,경기도청,[경기도청] [단체보험] 2023년 경기도청 지원사업,경기남부지사,보험료지원,2023.01.01 ~ 2023.12.31,"604,549,700",0,"300,000",N,0,수수료(보험료) 면제 방식,N,2023.12.06
122007,,,00024,175,경기도청,[경기도청] [보험료지원] 2023년 경기도청(중앙지사) 지원사업,중앙지사,보험료지원,2023.01.01 ~ 2023.12.31,"22,800,000",0,"700,000",N,0,수수료(보험료) 면제 방식,N,2023.11.27
122008,,,00009,066,수원시청,[수원시청] 2023년 수원시청 지원사업,경기남부지사,보험료지원,2023.01.01 ~ 2023.11.30,"39,911,880","2,123,850","1,700,000",N,0,수수료(보험료) 환불 방식,N,2023.11.15
122009,,,00001,170,구미시청,[구미시청] [보험료지원] 2023년 구미시청 지원사업,대구경북지사,보험료지원,2023.01.01 ~ 2023.12.31,"30,000,000",0,"2,000,000",N,0,수수료(보험료) 환불 방식,N,2023.03.15
122010,,,00004,156,화성시청,[화성시청] [경기남부]2023년 화성시청 지원사업,경기남부지사,보험료지원,2023.01.01 ~ 2023.12.31,"8,606,490",0,"700,000",N,0,수수료(보험료) 환불 방식,N,2023.12.06
122011,,,00003,156,화성시청,[화성시청] [경기남부]단체보험 2023년 화성시청 지원사업,경기남부지사,보험료지원,2023.01.01 ~ 2023.12.31,"9,204,900",0,"300,000",N,0,수수료(보험료) 면제 방식,N,2023.12.06
122012,,,00007,109,용인시청,[용인시청] 2023년 용인시청 지원사업 ,경기남부지사,보험료지원,2023.01.01 ~ 2023.11.30,"26,888,180","400,340","700,000",N,0,수수료(보험료) 환불 방식,N,2024.01.03
122013,,,00007,109,용인시청,[용인시청] [단체보험] 2023년 용인시청 지원사업,경기남부지사,보험료지원,2023.01.01 ~ 2023.11.30,"18,111,820",0,"300,000",N,0,수수료(보험료) 면제 방식,N,2024.01.03
122004,,,00004,246,전주시청,[전주시청] 2023 전주시 수출보험(보증)료 지원사업,전북지사,보험료지원,2023.01.01 ~ 2023.12.31,"30,000,000",0,"3,000,000",N,0,수수료(보험료) 면제 방식,N,2023.03.29
121904,,,00001,189,하나은행,"[하나은행] [보험료지원] 2023년 하나은행 지원사업(중소중견Plus+, 다이렉트Plus+)",영업총괄실,보험료지원,2023.03.01 ~ 2024.02.29,"99,006,380","98,506,380","500,000",N,0,수수료(보험료) 면제 방식,N,2023.11.01
121818,,,00003,135,함안군청,[함안군청] [보험료지원] 2023년 함안군청 지원사업,경남지사,보험료지원,2023.01.01 ~ 2023.12.31,"20,000,000",0,"1,000,000",N,0,수수료(보험료) 면제 방식,N,2023.03.14
121819,,,00003,026,창원시청,[창원시청] [보험료지원] 2023년 창원시청 지원사업,경남지사,보험료지원,2023.03.08 ~ 2023.12.31,"100,000,000",0,"2,000,000",N,0,수수료(보험료) 면제 방식,N,2023.03.14
121820,,,00006,131,익산시청,[익산시청] 2023 익산시청 지원사업,전북지사,보험료지원+신용조사수수료지원,2023.01.01 ~ 2023.12.31,"50,000,000",0,"4,000,000",N,0,수수료(보험료) 면제 방식,N,2023.05.25
121811,,,00021,021,충북도청,[충북도청] 2023년 충북도청 지원사업,충북지사,보험료지원,2023.01.01 ~ 2023.12.31,"178,159,400",0,"4,000,000",N,0,수수료(보험료) 면제 방식,N,2024.02.07
121812,,,00010,021,충북도청,[충북도청] 2023년 충북도청 지원사업(지원요건 초과 기업),충북지사,보험료지원,2023.01.01 ~ 2023.12.31,"5,583,390",0,"1,000,000",N,0,수수료(보험료) 면제 방식,N,2024.02.07
121813,,,00004,021,충북도청,[충북도청] 2023년 충북도청 지원사업(단체보험),충북지사,보험료지원,2023.01.01 ~ 2023.12.31,"236,257,210",0,"300,000",N,0,수수료(보험료) 면제 방식,N,2024.02.07
121814,,,00013,052,밀양시청,[밀양시청] [보험료지원] 2023년 밀양시청 지원사업,경남지사,보험료지원,2023.01.01 ~ 2023.12.31,"30,000,000",0,"2,000,000",N,0,수수료(보험료) 면제 방식,N,2023.12.04
121815,,,00004,106,성남시청,[성남시청] 2023년 성남시청 지원사업,경기남부지사,보험료지원,2023.01.01 ~ 2023.11.30,"28,427,000",0,"700,000",N,0,수수료(보험료) 환불 방식,N,2023.11.02
121816,,,00003,106,성남시청,[성남시청] (단체보험) 2023년 성남시청 지원사업,경기남부지사,보험료지원,2023.01.01 ~ 2023.11.30,"21,573,000",0,"300,000",N,0,수수료(보험료) 면제 방식,N,2023.11.02
121817,,,00003,243,진주시청,[진주시청] [보험료지원] 2023년 진주시청 지원사업,경남지사,보험료지원,2023.01.01 ~ 2023.12.31,"10,000,000",0,"1,000,000",N,0,수수료(보험료) 면제 방식,N,2023.11.09
121807,,,00003,085,안양산업진흥원,[안양산업진흥원] [안양산업진흥원] 2023년 안양산업진흥원  지원사업,경기남부지사,보험료지원,2023.01.01 ~ 2023.11.30,"10,032,489",0,"700,000",N,0,수수료(보험료) 환불 방식,N,2023.12.04
121808,,,00001,105,안양시청,[안양시청] [단체보험] 2023년 안양창조산업진흥원 지원사업,경기남부지사,보험료지원,2023.01.01 ~ 2023.11.30,"19,490,780",0,"300,000",N,0,수수료(보험료) 면제 방식,N,2023.12.04
121809,,,00009,029,세종특별자치시청,[세종특별자치시청] 2023년 세종특별자치시청 지원사업,대전세종충남지사,보험료지원,2023.01.01 ~ 2023.12.31,"15,872,730",0,"2,000,000",N,0,수수료(보험료) 면제 방식,N,2023.12.08
121810,,,00006,029,세종특별자치시청,[세종특별자치시청] 2023년 세종특별자치시청 지원사업(단체보험),대전세종충남지사,보험료지원,2023.01.01 ~ 2023.12.31,"9,127,270",0,"500,000",N,0,수수료(보험료) 면제 방식,N,2023.12.08
121804,,,00011,031,서울특별시청,[서울특별시청] [단체보험] 2023년 서울특별시청 지원사업,중앙지사,보험료지원,2023.01.01 ~ 2023.12.31,"358,434,520",0,"300,000",N,0,수수료(보험료) 면제 방식,N,2024.02.21
121805,,,00007,031,서울특별시청,[서울특별시청] [보험료지원] 2023년 서울시청(강남지사) 지원사업,강남지사,보험료지원,2023.01.01 ~ 2023.12.31,"500,000,000",0,"3,000,000",N,0,수수료(보험료) 면제 방식,N,2023.07.20
121806,,,00022,031,서울특별시청,[서울특별시청] [보험료지원] 2023년 서울시청(구로디지털지사) 지원사업,구로디지털지사,보험료지원,2023.01.01 ~ 2023.12.31,"400,000,000",0,"3,000,000",N,0,수수료(보험료) 면제 방식,N,2023.11.24
121604,,,00051,031,서울특별시청,[서울특별시청] [보험료지원] 2023년 서울시청(중앙지사) 지원사업,중앙지사,보험료지원,2023.01.01 ~ 2023.12.31,"741,565,480",0,"3,000,000",N,0,수수료(보험료) 면제 방식,N,2023.12.13
121704,,,00004,120,양산시청,[양산시청] [보험료지원] 2023년 양산시청 지원사업,부산지사,보험료지원,2023.02.27 ~ 2023.12.31,"20,000,000",0,"1,000,000",N,0,수수료(보험료) 면제 방식,N,2023.06.08
121504,,,00003,245,경남은행,[경남은행] 경남은행 보증료 및 보험료 지원 협약,영업총괄실,보험료지원,2023.03.15 ~ 9999.12.31,"100,000,000","87,771,540","10,000,000",N,0,수수료(보험료) 면제 방식,,2024.11.29
121404,,,00019,007,대전광역시청,[대전광역시청] 2023년 대전광역시청 지원사업,대전세종충남지사,보험료지원,2023.01.01 ~ 2023.12.31,"137,953,530",0,"2,000,000",N,0,수수료(보험료) 면제 방식,N,2023.12.13
121405,,,00009,007,대전광역시청,[대전광역시청] 2023년 대전광역시청 지원사업(단체보험),대전세종충남지사,보험료지원,2023.01.01 ~ 2023.12.31,"132,046,470",0,"500,000",N,0,수수료(보험료) 면제 방식,N,2023.12.13
121406,,,00002,182,파주시청,[파주시청] 2023년 파주시청 보험료 지원사업(단체보험),경기북부지사,보험료지원,2023.01.02 ~ 2023.11.30,"8,233,040",0,"300,000",N,0,수수료(보험료) 면제 방식,N,2023.12.11
121304,,,00003,151,대구 달성군청,[대구 달성군청] [보험료지원] 2023년 대구 달성군청 지원사업,대구경북지사,보험료지원,2023.01.01 ~ 2023.12.31,"50,000,000",0,"3,000,000",N,0,수수료(보험료) 환불 방식,N,2023.02.22
121305,,,00029,030,충남도청,[충남도청] 2023년 충남도청 지원사업,대전세종충남지사,보험료지원+신용조사수수료지원,2023.01.01 ~ 2023.12.31,"361,552,290",0,"3,000,000",N,0,수수료(보험료) 면제 방식,N,2023.11.02
121204,,,00009,190,안산시청,[안산시청] 2023년 안산시청 지원사업,경기서부지사,보험료지원,2023.01.01 ~ 2023.12.31,"16,121,840",0,"1,000,000",N,0,수수료(보험료) 환불 방식,N,2023.11.24
121205,,,00006,182,파주시청,[파주시청] 2023년 파주시청 보험료 지원사업,경기북부지사,보험료지원,2023.01.02 ~ 2023.11.30,"21,766,960",0,"700,000",N,0,수수료(보험료) 면제 방식,N,2023.12.11
121206,,,00007,190,안산시청,[안산시청] 2023년 (단체) 안산시청 지원사업,경기서부지사,보험료지원,2023.01.01 ~ 2023.12.31,"3,878,160",0,"300,000",N,0,수수료(보험료) 면제 방식,N,2023.11.24
121104,,,00002,013,대구광역시청,[대구광역시청] [보험료지원] 2023년 대구광역시청 지원사업,대구경북지사,보험료지원,2023.01.01 ~ 2023.12.31,"400,000,000","25,520","6,000,000",N,0,수수료(보험료) 면제 방식,N,2023.12.01
121004,,,00002,061,경산시청,[경산시청] [보험료지원] 2023년 경산시청 지원사업,대구경북지사,보험료지원,2023.01.01 ~ 2023.12.31,"30,000,000",0,"2,000,000",N,0,수수료(보험료) 면제 방식,N,2023.02.22
120904,,,00013,084,천안시청,[천안시청] 2023년 천안시 수출보험(보증)료 지원사업,천안출장소,보험료지원,2023.02.08 ~ 2023.12.31,"60,000,000","257,510","2,000,000",N,0,수수료(보험료) 면제 방식,N,2023.11.10
120804,,,00003,148,TIPA(중소기업기술정보진흥원),[TIPA(중소기업기술정보진흥원)] [보험료지원] 2023년 TIPA(중소기업기술정보진흥원) 지원사업,영업총괄실,보험료지원,2023.01.01 ~ 2023.12.31,"44,597,690","22,396,100","300,000",N,0,수수료(보험료) 면제 방식,N,2024.01.04
120805,,,00006,012,경북도청,[경북도청] [보험료지원] 2023년 경북도청 지원사업,대구경북지사,보험료지원,2023.01.01 ~ 2023.12.31,"480,000,000",0,"5,000,000",N,0,수수료(보험료) 면제 방식,N,2023.09.27
120806,,,00005,185,음성군청,[음성군청] 2023년 음성군청 지원사업,충북지사,보험료지원,2023.01.01 ~ 2023.01.01,"25,000,000",0,"1,000,000",N,0,수수료(보험료) 면제 방식,N,2023.11.22
120807,,,00003,015,한국무역협회,[한국무역협회] [보험료지원] 2023년 한국무역협회 지원사업(단체보험),영업총괄실,보험료지원,2023.01.01 ~ 2024.01.01,"150,000,000","60,840,410","1,000,000",N,0,수수료(보험료) 환불 방식,N,2023.12.27
120704,,,00004,178,당진시청,[당진시청] 2023년 당진시 보험(보증)료 지원[단체보험],천안출장소,보험료지원,2023.01.01 ~ 2023.12.31,"6,521,500",0,"300,000",N,0,수수료(보험료) 면제 방식,N,2023.06.29
120610,,,00004,001,인천광역시청,[인천광역시청] 2023년 인천시청 보험료지원사업,인천지사,보험료지원,2023.01.01 ~ 2023.12.31,"122,002,380",0,"1,000,000",N,0,수수료(보험료) 환불 방식,N,2023.12.14
120611,,,00003,004,부천시청,[부천시청] 2023년 부천시청 보험료 지원사업,인천지사,보험료지원,2023.01.01 ~ 2023.12.31,"10,273,200",0,"500,000",N,0,수수료(보험료) 환불 방식,N,2023.12.14
120605,,,00004,430,춘천시청,[춘천시청] 2023년 춘천시청 지원사업,강원지사,보험료지원,2023.01.01 ~ 2023.12.31,"7,159,580",0,"1,000,000",N,0,수수료(보험료) 면제 방식,N,2023.09.06
120606,,,00003,430,춘천시청,[춘천시청] 2023년 춘천시청 지원사업(단체보험),강원지사,보험료지원,2023.01.01 ~ 2023.12.31,"2,840,420",0,"300,000",N,0,수수료(보험료) 면제 방식,N,2023.09.06
120607,,,00008,065,제주특별자치도청,[제주특별자치도청] 2023년 제주특별자치도청 지원사업,제주지사,보험료지원,2023.01.01 ~ 2023.12.31,"150,000,000","12,687,450","8,000,000",N,0,수수료(보험료) 환불 방식,N,2023.12.29
120608,,,00004,004,부천시청,[부천시청] 2023 부천시청 단체보험 보험료지원사업,인천지사,보험료지원,2023.01.02 ~ 2024.01.01,"4,726,800",0,"500,000",N,0,수수료(보험료) 면제 방식,N,2023.12.14
120609,,,00011,175,경기도청,[경기도청] 2023년 경기도청 지원사업,경기남부지사,보험료지원,2023.01.01 ~ 2023.12.31,"95,050,300",0,"700,000",N,0,수수료(보험료) 환불 방식,N,2023.12.06
120604,,,00003,022,충주시청,[충주시청] 2023년 충주시청 지원사업,충북지사,보험료지원,2023.01.01 ~ 2023.11.30,"7,000,000",0,"1,000,000",N,0,수수료(보험료) 면제 방식,N,2023.03.17
120504,,,00023,096,전북특별자치도청,[전북도청] 2023년 전북도청 수출보험가입지원사업,전북지사,보험료지원+신용조사수수료지원,2023.01.01 ~ 2023.12.31,"250,000,000",0,"3,000,000",Y,"1,000,000",수수료(보험료) 면제 방식,N,2023.09.22
120505,,,00005,001,인천광역시청,[인천광역시청] 2023년 인천시청 지원사업(단체보험),인천지사,보험료지원,2023.01.02 ~ 2024.01.01,"77,997,620",0,"500,000",N,0,수수료(보험료) 면제 방식,N,2023.12.14
120404,,,00007,178,당진시청,[당진시청] 2023년 당진시 보험(보증)료 지원,천안출장소,보험료지원,2023.01.01 ~ 2023.12.31,"3,478,500","86,550","700,000",N,0,수수료(보험료) 면제 방식,N,2023.12.12
120304,,,00011,010,광주광역시청,[광주광역시청] [보험료지원] 2023년 광주광역시청 지원사업,광주전남지사,보험료지원,2023.01.01 ~ 2023.12.31,"133,195,540","6,013,260","3,000,000",N,0,수수료(보험료) 환불 방식,N,2024.01.08
120305,,,00017,017,전남도청,[전남도청] [보험료지원] 2023년 전남도청 지원사업,광주전남지사,보험료지원,2023.01.01 ~ 2023.12.31,"151,631,780",0,"5,000,000",N,0,수수료(보험료) 환불 방식,N,2023.12.19
120204,,,00002,100,아산시청,[아산시청] 2022년 아산시청 지원사업(단체보험 이외 종목),천안출장소,보험료지원+신용조사수수료지원,2022.03.16 ~ 2022.12.31,"1,265,830",0,"710,000",N,0,수수료(보험료) 면제 방식,N,2022.12.09
120104,,,00002,004,부천시청,[부천시청] 2022 부천시청 단체보험 보험료지원사업,인천지사,보험료지원,2022.01.01 ~ 2023.01.01,"4,413,020",0,"500,000",N,0,수수료(보험료) 면제 방식,N,2023.02.01
120004,,,00002,187,한국산업단지공단,[한국산업단지공단] 2022년 한국산업단지공단 단체보험,영업총괄실,보험료지원,2022.01.01 ~ 2022.12.31,"2,873,000",0,"287,300",N,0,수수료(보험료) 면제 방식,,2022.11.10
119904,,,00000,122,울주군청,[울주군청] 2022년도 울주군청 지원사업(단체보험),울산지사,보험료지원,2022.01.01 ~ 2022.12.31,"5,700,000","270,180","300,000",N,0,수수료(보험료) 면제 방식,N,2022.10.17
119804,,,00004,175,경기도청,[경기도청] [경기도청-인천지사][보험료지원]2022년 경기도청 지원사업,인천지사,보험료지원,2022.01.01 ~ 2022.12.31,"42,933,550",0,"900,000",N,0,수수료(보험료) 환불 방식,N,2022.12.22
119805,,,00001,175,경기도청,[경기도청] [보험료지원](단체보험)2022년 경기도청 지원사업,인천지사,보험료지원,2022.01.01 ~ 2022.12.31,0,0,0,N,0,수수료(보험료) 면제 방식,N,2022.12.22
119704,,,00003,189,하나은행,[하나은행] 하나은행 수입보험(글로벌공급망) 보험료 지원 협약,영업총괄실,보험료지원,2022.09.01 ~ 9999.01.31,"100,000,000","88,966,130","10,000,000",N,0,수수료(보험료) 면제 방식,,2025.04.02
119604,,,00001,121,울산광역시청,[울산광역시청] [보험료지원]2022년 울산시청 지원사업(환변동보험),울산지사,보험료지원,2022.01.01 ~ 2022.12.31,"10,000,000","10,000,000","4,000,000",N,0,수수료(보험료) 환불 방식,N,2022.08.23
119504,,,00028,175,경기도청,[경기도청] [보험료지원] 2022년 경기도청(강남지사) 지원사업,강남지사,보험료지원,2022.01.01 ~ 2022.12.31,"10,945,000",0,"900,000",Y,"2,000,000",수수료(보험료) 면제 방식,N,2022.12.06
119304,,,00002,090,신한은행,[신한은행] 2022년 신한은행 지원사업(단체보험),영업총괄실,보험료지원,2022.01.01 ~ 2022.12.31,"31,629,950",0,"30,000",N,0,수수료(보험료) 면제 방식,,2022.12.27
119204,,,00002,207,인제군청,[인제군청] 2022년 인제군청 지원사업,강원지사,보험료지원,2022.01.01 ~ 2022.12.31,"1,883,600",0,"300,000",N,0,수수료(보험료) 면제 방식,N,2022.10.05
119104,,,00003,244,창업진흥원,[창업진흥원] 2022년 창업진흥원 수출안전망 보험료지원,영업총괄실,보험료지원,2022.01.01 ~ 2022.12.31,"907,930",0,"30,000",N,0,수수료(보험료) 면제 방식,,2022.08.22
119004,,,00002,118,한국수산무역협회,[한국수산무역협회] 2022년 한국수산무역협회 단체보험 보험료지원,영업총괄실,보험료지원,2022.01.01 ~ 2022.12.31,"5,133,980",0,"257,500",N,0,수수료(보험료) 면제 방식,,2022.07.18
118502,,,00001,222,속초시청,[속초시청] [보험료지원] 2022년 속초시청 지원사업,강원지사,보험료지원,2022.01.01 ~ 2022.12.31,"1,241,130",0,"300,000",N,0,수수료(보험료) 면제 방식,Y,2022.10.05
118503,,,00001,226,홍천군청,[홍천군청] [보험료지원] 2022년 홍천군청 지원사업,강원지사,보험료지원,2022.01.01 ~ 2022.12.31,"2,230,840",0,"300,000",N,0,수수료(보험료) 면제 방식,Y,2022.10.05
118202,,,00000,128,시흥산업진흥원,[시흥산업진흥원(수출신용보증)] 2022년 시흥산업진흥원 지원사업(수출신용보증),경기서부지사,보험료지원+신용조사수수료지원,2022.01.01 ~ 2022.12.31,0,0,0,N,0,수수료(보험료) 면제 방식,N,2022.06.17
118203,,,00000,128,시흥산업진흥원,[시흥산업진흥원(단기수출보험)] 2022년 시흥산업진흥원 지원사업(단기수출보험),경기서부지사,보험료지원+신용조사수수료지원,2022.01.01 ~ 2022.12.31,0,0,0,N,0,수수료(보험료) 면제 방식,N,2022.06.17
118302,,,00000,175,경기도청,[경기도청-시화지역(단체보험)] [보험료지원] 2022년 경기도청 지원사업(단체보험),경기서부지사,보험료지원,2022.01.01 ~ 2022.12.31,0,0,0,N,0,수수료(보험료) 면제 방식,N,2022.06.17
118402,,,00003,091,중소기업중앙회,[중소기업중앙회] [보험료지원] 2022년 중소기업중앙회 지원사업,영업총괄실,보험료지원,2022.01.01 ~ 2022.12.31,"597,060",0,"30,000",N,0,수수료(보험료) 면제 방식,N,2022.11.21
118002,,,00004,175,경기도청,[경기도청] [보험료지원] 2022년 경기도청 지원사업(단체보험),경기북부지사,보험료지원,2022.01.02 ~ 2022.12.31,0,0,0,N,0,수수료(보험료) 면제 방식,N,2022.12.15
118003,,,00006,128,시흥산업진흥원,[시흥산업진흥원] [보험료지원] 2022년 시흥산업진흥원 지원사업(단체보험),경기서부지사,보험료지원,2022.01.01 ~ 2022.12.31,"3,288,310",0,"300,000",N,0,수수료(보험료) 면제 방식,N,2022.10.19
118102,,,00007,128,시흥산업진흥원,[시흥산업진흥원] 2022년 시흥산업진흥원 지원사업,경기서부지사,보험료지원+신용조사수수료지원,2022.01.01 ~ 2022.12.31,"8,711,690",0,"1,000,000",N,0,수수료(보험료) 환불 방식,N,2022.10.19
117902,,,00007,090,신한은행,[신한은행] [보험료지원] 2022년 신한은행 지원사업(글로벌공급망),영업총괄실,보험료지원,2022.07.19 ~ 9999.12.31,"200,000,000","194,861,850","5,000,000",N,0,수수료(보험료) 면제 방식,N,2024.04.12
117802,,,00004,122,울주군청,[울주군청] [보험료지원] 2022년 울주군청 지원사업(수출신용보증),울산지사,보험료지원,2022.01.01 ~ 2022.12.31,"20,000,000","6,247,550","2,000,000",N,0,수수료(보험료) 환불 방식,N,2022.12.13
117803,,,00003,122,울주군청,[울주군청] [보험료지원] 2022년 울주군청 지원사업(중소중견Plus+),울산지사,보험료지원,2022.01.01 ~ 2022.12.31,"9,000,000","8,742,720","2,000,000",N,0,수수료(보험료) 환불 방식,N,2022.12.13
117702,,,00000,221,(재)한국탄소산업진흥원,[(재)한국탄소산업진흥원] [보험료지원] 2022년 (재)한국탄소산업진흥원 지원사업,전북지사,보험료지원,2022.01.01 ~ 2022.12.31,"10,000,000","736,480","500,000",N,0,수수료(보험료) 면제 방식,N,2022.06.17
117602,,,00002,178,당진시청,[당진시청] 2022년 당진시청 지원사업(단체보험),천안출장소,보험료지원,2022.01.01 ~ 2022.12.31,"7,222,320",0,"300,000",N,0,수수료(보험료) 면제 방식,N,2023.02.03
117402,,,00001,190,안산시청,[안산시청] [보험료지원] 2022년 안산시청 지원사업(단체보험),경기서부지사,보험료지원,2022.01.01 ~ 2022.12.31,"2,941,180",0,"250,000",N,0,수수료(보험료) 면제 방식,N,2022.11.10
117502,,,00004,122,울주군청,[울주군청] [보험료지원] 2022년 울주군청 지원사업,울산지사,보험료지원,2022.01.01 ~ 2022.12.31,0,0,0,N,0,수수료(보험료) 환불 방식,N,2022.10.17
117302,,,00005,021,충북도청,[충북도청] [보험료지원] 2022년 충북도청 지원사업(단체보험),충북지사,보험료지원,2022.01.01 ~ 2022.12.31,"224,434,100",0,"300,000",N,0,수수료(보험료) 면제 방식,N,2022.10.28
117102,,,00001,179,한국장애인고용공단,[한국장애인고용공단] [보험료지원] 2022년 한국장애인고용공단 지원사업(단체보험),영업총괄실,보험료지원,2022.01.01 ~ 2022.12.31,"255,400",0,"25,540",N,0,수수료(보험료) 면제 방식,N,2022.06.21
117202,,,00000,171,진천군청,[진천군청] [보험료지원] 2022년 진천군청 지원사업,충북지사,보험료지원,2022.01.01 ~ 2022.12.31,"10,000,000",0,"1,000,000",N,0,수수료(보험료) 면제 방식,N,2022.06.17
117002,,,00004,156,화성시청,[화성시청] [보험료지원] 2022년 화성시청 지원사업(단체보험),경기서부지사,보험료지원,2022.01.01 ~ 2022.12.31,"782,960",0,"48,780",N,0,수수료(보험료) 면제 방식,N,2022.11.04
116902,,,00003,121,울산광역시청,[울산광역시청] [보험료지원] 2022년 울산시청 지원사업(중소중견Plus+),울산지사,보험료지원,2022.01.01 ~ 2022.12.31,"50,000,000","29,600,420","4,000,000",N,0,수수료(보험료) 환불 방식,N,2022.11.22
116802,,,00007,190,안산시청,[안산시청] 2022년 안산시청 지원사업,경기서부지사,보험료지원+신용조사수수료지원,2022.01.01 ~ 2022.12.31,"17,058,820","6,937,500","1,000,000",N,0,수수료(보험료) 환불 방식,N,2022.11.24
116602,,,00000,144,칠곡군청,[칠곡군청] [보험료지원] 2022년 칠곡군청 지원사업,대구경북지사,보험료지원,2022.04.01 ~ 2023.03.31,"20,000,000",0,"3,000,000",N,0,수수료(보험료) 환불 방식,N,2022.06.17
116702,,,00007,100,아산시청,[아산시청] 2022년 아산시청 지원사업(단체보험),천안출장소,보험료지원,2022.03.16 ~ 2022.12.31,"16,734,170",0,"270,000",N,0,수수료(보험료) 면제 방식,N,2023.02.03
116502,,,00004,121,울산광역시청,[울산광역시청] [보험료지원] 2022년 울산시청 지원사업(수출신용보증),울산지사,보험료지원,2022.01.01 ~ 2022.12.31,"120,000,000","26,816,780","4,000,000",N,0,수수료(보험료) 환불 방식,N,2022.12.13
116402,,,00004,011,강원특별자치도청,[강원도청] [보험료지원] 2022년 강원도청 지원사업,강원지사,보험료지원,2022.01.01 ~ 2022.12.31,"12,058,690",0,"1,500,000",N,0,수수료(보험료) 면제 방식,N,2022.10.05
116403,,,00002,011,강원특별자치도청,[강원도청] [보험료지원] 2022년 강원도청 지원사업(단체보험),강원지사,보험료지원,2022.01.01 ~ 2022.12.31,"17,941,310",0,"300,000",N,0,수수료(보험료) 면제 방식,N,2022.10.05
116404,,,00005,085,안양산업진흥원,[안양창조산업진흥원] [보험료지원] 2022년 안양창조산업진흥원 지원사업,경기남부지사,보험료지원,2022.01.01 ~ 2022.11.30,"9,297,737",0,"700,000",N,0,수수료(보험료) 환불 방식,N,2022.12.09
116405,,,00003,105,안양시청,[안양시청] [보험료지원] 2022년 안양시청 지원사업(단체보험),경기남부지사,보험료지원,2022.01.01 ~ 2022.11.30,"19,713,440",0,"300,000",N,0,수수료(보험료) 면제 방식,N,2022.11.29
116302,,,00003,031,서울특별시청,[서울특별시청] [보험료지원] 2022년 서울시청 지원사업 구로디지털지사,구로디지털지사,보험료지원,2022.01.01 ~ 2022.12.31,"300,000,000",0,"3,000,000",N,0,수수료(보험료) 면제 방식,N,2022.07.21
116303,,,00018,021,충북도청,[충북도청] [보험료지원] 2022년 충북도청 지원사업,충북지사,보험료지원,2022.01.01 ~ 2022.12.31,"208,565,900",0,"4,000,000",N,0,수수료(보험료) 면제 방식,N,2022.11.18
116002,,,00013,031,서울특별시청,[서울특별시청] [보험료지원] 2022년 서울시청(중앙지사) 지원사업,중앙지사,보험료지원,2022.01.01 ~ 2022.12.31,"518,853,440",0,"3,000,000",N,0,수수료(보험료) 면제 방식,N,2022.12.22
116102,,,00009,031,서울특별시청,[서울특별시청] [보험료지원] 2022년 서울특별시청 지원사업(단체보험),중앙지사,보험료지원,2022.01.01 ~ 2022.12.31,"311,146,560",0,"3,000,000",N,0,수수료(보험료) 면제 방식,N,2022.12.22
116202,,,00009,031,서울특별시청,[서울특별시청] [서울시청(강남지사)] [보험료지원] 2022년 서울특별시청 지원사업,강남지사,보험료지원,2022.01.01 ~ 2022.12.31,"370,000,000",0,"3,000,000",N,0,수수료(보험료) 면제 방식,N,2023.05.10
115802,,,00003,053,산림조합중앙회,[산림조합중앙회] [보험료지원] 2022년 산림조합중앙회 지원사업,영업총괄실,보험료지원,2021.12.11 ~ 2022.12.10,"48,163,740",0,"10,000,000",N,0,수수료(보험료) 면제 방식,N,2022.12.20
115902,,,00003,006,부산광역시청,"[부산광역시청] [보험료지원] 2022년 부산광역시청 지원사업(단기수출보험, 환변동보험)",부산지사,보험료지원,2022.01.01 ~ 2022.12.31,"500,000,000",0,"1,030,000",N,0,수수료(보험료) 면제 방식,N,2022.11.29
115903,,,00026,006,부산광역시청,[부산광역시청] [보험료지원] 2022년 부산광역시청 지원사업(수출신용보증),부산지사,보험료지원,2022.01.01 ~ 2022.12.31,"100,000,000",0,"2,500,000",N,0,수수료(보험료) 환불 방식,N,2022.12.16
115602,,,00002,121,울산광역시청,[울산광역시청] [보험료지원] 2022년 울산시청 지원사업(단체보험),울산지사,보험료지원,2022.01.01 ~ 2022.12.31,"80,000,000","5,090,780","300,000",N,0,수수료(보험료) 면제 방식,N,2022.10.05
115702,,,00037,030,충남도청,[충남도청] 2022년 충남도청 지원사업,대전세종충남지사,보험료지원+신용조사수수료지원,2022.01.01 ~ 2022.12.31,"365,021,870",0,"3,000,000",N,0,수수료(보험료) 면제 방식,N,2022.12.20
115703,,,00004,030,충남도청,[충남도청] [보험료지원] 2022년 충남도청 지원사업(단체보험),대전세종충남지사,보험료지원,2022.01.01 ~ 2022.12.31,"84,978,130",0,"500,000",N,0,수수료(보험료) 면제 방식,N,2022.12.05
115502,,,00001,044,울산상공회의소,[울산상공회의소] [보험료지원] 2022년 울산상공회의소 지원사업(단체보험),울산지사,보험료지원,2022.01.01 ~ 2022.12.31,"3,786,340",0,"400,000",N,0,수수료(보험료) 면제 방식,N,2022.06.22
115402,,,00006,109,용인시청,[용인시청] [보험료지원] 2022년 용인시청 지원사업,경기남부지사,보험료지원,2022.01.01 ~ 2022.11.30,"27,092,720",0,"700,000",N,0,수수료(보험료) 환불 방식,N,2022.12.15
115403,,,00003,109,용인시청,[용인시청] [보험료지원] 2022년 용인시청 지원사업(단체보험),경기남부지사,보험료지원,2022.01.01 ~ 2022.12.31,"17,907,280",0,"300,000",N,0,수수료(보험료) 면제 방식,N,2022.11.30
115202,,,00003,106,성남시청,[성남시청] [보험료지원] 2022년 성남시청 지원사업,경기남부지사,보험료지원,2022.01.01 ~ 2022.11.30,"27,133,100",0,"700,000",N,0,수수료(보험료) 환불 방식,N,2022.11.08
115203,,,00003,106,성남시청,[성남시청] [보험료지원] 2022년 성남시청 지원사업(단체보험),경기남부지사,보험료지원,2022.01.01 ~ 2022.11.30,"22,866,900",0,"300,000",N,0,수수료(보험료) 면제 방식,N,2022.11.08
115204,,,00005,107,오산시청,[오산시청] [보험료지원] 2022년 오산시청 지원사업,경기남부지사,보험료지원,2022.01.01 ~ 2022.11.30,"9,669,670","883,000","700,000",N,0,수수료(보험료) 환불 방식,N,2022.11.25
115205,,,00001,107,오산시청,[오산시청] [보험료지원] 2022년 오산시청 지원사업(단체보험),경기남부지사,보험료지원,2022.01.01 ~ 2022.11.30,"10,330,330",0,"300,000",N,0,수수료(보험료) 면제 방식,N,2022.11.11
115302,,,00001,120,양산시청,[양산시청] [보험료지원] 2022년 양산시청 지원사업,부산지사,보험료지원,2022.02.28 ~ 2022.12.31,"20,000,000",0,"1,000,000",N,0,수수료(보험료) 면제 방식,N,2022.06.22
115002,,,00001,026,창원시청,[창원시청] [보험료지원] 2022년 창원시청 지원사업,경남지사,보험료지원,2022.03.16 ~ 2022.12.31,"100,000,000",0,"2,000,000",N,0,수수료(보험료) 면제 방식,N,2022.10.12
115102,,,00003,175,경기도청,[경기도청] [보험료지원] 2022년 경기도청 지원사업,구로디지털지사,보험료지원,2022.01.01 ~ 2022.12.31,"15,816,860",0,"900,000",N,0,수수료(보험료) 환불 방식,N,2022.12.16
114802,,,00001,016,원주시청,[원주시청] [보험료지원] 2022년 원주시청 지원사업,강원지사,보험료지원,2022.01.01 ~ 2022.12.31,"10,000,000",0,"1,500,000",N,0,수수료(보험료) 면제 방식,N,2022.09.21
114803,,,00001,430,춘천시청,[춘천시청] [보험료지원] 2022년 춘천시청 지원사업,강원지사,보험료지원,2022.01.01 ~ 2022.12.31,"6,644,440",0,"1,000,000",N,0,수수료(보험료) 면제 방식,N,2022.07.08
114804,,,00001,430,춘천시청,[춘천시청] [보험료지원] 2022년 춘천시청 지원사업(단체보험),강원지사,보험료지원,2022.01.01 ~ 2022.12.31,"3,355,560",0,"300,000",N,0,수수료(보험료) 면제 방식,N,2022.07.08
114902,,,00000,135,함안군청,[함안군청] [보험료지원] 2022년 함안군청 지원사업,경남지사,보험료지원,2022.03.15 ~ 2022.12.31,"20,000,000",0,"1,000,000",N,0,수수료(보험료) 면제 방식,N,2022.06.17
114602,,,00000,131,익산시청,[익산시청] 2022년 익산시청 지원사업,전북지사,보험료지원+신용조사수수료지원,2022.01.01 ~ 2022.12.31,"50,000,000",0,"4,000,000",N,0,수수료(보험료) 면제 방식,N,2022.06.17
114702,,,00004,015,한국무역협회,[한국무역협회] [보험료지원] 2022년 한국무역협회 지원사업(단체보험),영업총괄실,보험료지원,2022.02.19 ~ 2023.01.31,"150,000,000","29,539,670","1,000,000",N,0,수수료(보험료) 환불 방식,N,2023.02.27
114302,,,00007,008,경남도청,[경남도청] [보험료지원] 2022년 경남도청 지원사업,경남지사,보험료지원,2022.01.01 ~ 2022.12.31,"600,000,000",0,"5,000,000",N,0,수수료(보험료) 면제 방식,N,2022.12.13
114402,,,00000,086,김해중소기업비즈니스센터,[김해중소기업비즈니스센터] [보험료지원] 2022년 김해중소기업비즈니스센터 지원사업,경남지사,보험료지원,2022.03.10 ~ 2022.12.31,"30,000,000",0,"1,000,000",N,0,수수료(보험료) 면제 방식,N,2022.06.17
114502,,,00005,008,경남도청,[경남도청] [보험료지원] 2022년 경남도청 지원사업(수출신용보증),경남지사,보험료지원,2022.01.01 ~ 2022.12.31,"250,000,000",0,"3,000,000",N,0,수수료(보험료) 면제 방식,N,2022.11.02
114202,,,00004,156,화성시청,[화성시청] [보험료지원] 2022년 화성시청 지원사업(단체보험),경기남부지사,보험료지원,2022.01.01 ~ 2022.12.31,"7,003,480",0,"300,000",N,0,수수료(보험료) 면제 방식,N,2022.12.06
114203,,,00001,175,경기도청,[경기도청] [보험료지원] 2022년 경기도청 지역특화 다이렉트 지원사업,경기남부지사,보험료지원,2022.01.01 ~ 2022.12.31,"111,750",0,0,N,0,수수료(보험료) 환불 방식,N,2022.11.10
114204,,,00003,175,경기도청,[경기도청] [보험료지원] 2022년 경기도청(용인시산업진흥원) 지원사업,경기남부지사,보험료지원,2022.01.01 ~ 2022.12.31,"1,656,490",0,"700,000",N,0,수수료(보험료) 환불 방식,N,2022.11.22
114205,,,00001,175,경기도청,[경기도청] [보험료지원] 2022년 경기도청(경기도수출기업협회) 지원사업,경기남부지사,보험료지원,2022.01.01 ~ 2022.12.31,0,0,0,N,0,수수료(보험료) 환불 방식,N,2022.11.10
114102,,,00002,052,밀양시청,[밀양시청] [보험료지원] 2022년 밀양시청 지원사업,경남지사,보험료지원,2022.03.04 ~ 2022.12.31,"30,000,000",0,"2,000,000",N,0,수수료(보험료) 면제 방식,N,2022.12.01
113602,,,00005,001,인천광역시청,[인천광역시청] [보험료지원] 2022년 인천시청 지원사업,인천지사,보험료지원,2022.02.28 ~ 2022.12.31,"115,598,650",0,"1,000,000",N,0,수수료(보험료) 환불 방식,N,2022.12.14
113702,,,00002,243,진주시청,[진주시청] [보험료지원] 2022년 진주시청 지원사업,경남지사,보험료지원,2022.03.03 ~ 2022.12.31,"10,000,000",0,"1,000,000",N,0,수수료(보험료) 면제 방식,N,2022.11.21
113802,,,00004,029,세종특별자치시청,[세종특별자치시청] [보험료지원] 2022년 세종특별시청 지원사업,대전세종충남지사,보험료지원,2022.01.01 ~ 2022.12.31,"17,391,210",0,"2,000,000",N,0,수수료(보험료) 면제 방식,N,2022.11.02
113803,,,00003,029,세종특별자치시청,[세종특별자치시청] [보험료지원] 2022년 세종특별시청 지원사업(단체보험),대전세종충남지사,보험료지원,2022.01.01 ~ 2022.12.31,"7,608,790",0,"500,000",N,0,수수료(보험료) 면제 방식,N,2022.11.02
113902,,,00008,058,청주시청,[청주시청] [보험료지원] 2022년 청주시청 지원사업,충북지사,보험료지원,2022.02.01 ~ 2022.12.31,"40,000,000",0,"2,000,000",N,0,수수료(보험료) 면제 방식,N,2022.11.18
113903,,,00005,149,김포시청,[김포시청] [보험료지원] 2022년 김포시청 지원사업,경기북부지사,보험료지원,2022.01.01 ~ 2022.12.31,"50,000,000",0,"1,000,000",N,0,수수료(보험료) 면제 방식,N,2022.11.25
114002,,,00006,175,경기도청,[경기도청] [보험료지원] 2022년 경기도청(중앙지사) 지원사업,중앙지사,보험료지원,2022.01.01 ~ 2022.12.31,"29,265,870",0,"700,000",N,0,수수료(보험료) 환불 방식,N,2022.12.19
113502,,,00000,151,대구 달성군청,[대구 달성군청] [보험료지원] 2022년 대구 달성군청 지원사업,대구경북지사,보험료지원,2022.01.01 ~ 2022.12.31,"50,000,000","7,283,720","3,000,000",N,0,수수료(보험료) 환불 방식,N,2022.06.17
113303,,,00003,178,당진시청,[당진시청] [보험료지원] 2022년 당진시청 지원사업,천안출장소,보험료지원,2022.01.01 ~ 2022.12.31,"2,777,680",0,"700,000",N,0,수수료(보험료) 면제 방식,N,2022.06.22
113402,,,00000,189,하나은행,"[하나은행(중소중견플러스,다이렉트플러스) ] [보험료지원] 2022년 하나은행 지원사업(중소중견Plus+, 다이렉트Plus+)",영업총괄실,보험료지원,2022.03.01 ~ 2023.02.28,"500,000,000","499,006,380","500,000",N,0,수수료(보험료) 면제 방식,Y,2022.06.17
113202,,,00000,061,경산시청,[경산시청] [보험료지원] 2022년 경산시청 지원사업,대구경북지사,보험료지원,2022.01.01 ~ 2022.12.31,"30,000,000","6,835,110","2,000,000",N,0,수수료(보험료) 면제 방식,N,2022.06.17
113203,,,00000,061,경산시청,[경산단체] [보험료지원] 2022년 경산단체 지원사업,대구경북지사,보험료지원,2022.01.01 ~ 2022.12.31,0,0,0,N,0,수수료(보험료) 면제 방식,N,2022.06.17
113102,,,00005,175,경기도청,[경기도청] [보험료지원] 2022년 경기도청 지원사업,경기북부지사,보험료지원,2022.01.01 ~ 2022.12.31,"31,915,840",0,"700,000",N,0,수수료(보험료) 환불 방식,N,2022.12.15
113103,,,00003,182,파주시청,[파주시청] [보험료지원] 2022년 파주시청 지원사업,경기북부지사,보험료지원,2022.01.01 ~ 2022.12.31,"30,000,000",0,"1,000,000",N,0,수수료(보험료) 면제 방식,N,2022.11.25
113104,,,00001,066,수원시청,[수원시청] 2022년 수원시청 지원사업,경기남부지사,보험료지원+신용조사수수료지원,2022.02.01 ~ 2022.12.31,"20,000,000",0,"1,000,000",N,0,수수료(보험료) 면제 방식,N,2022.06.22
113002,,,00003,084,천안시청,[천안시청] [보험료지원] 2022년 천안시청 지원사업,천안출장소,보험료지원,2022.02.18 ~ 2022.12.31,"50,000,000",0,"2,000,000",N,0,수수료(보험료) 면제 방식,N,2022.06.22
112802,,,00006,007,대전광역시청,[대전광역시청] [보험료지원] 2022년 대전광역시청 지원사업(단체보험),대전세종충남지사,보험료지원,2022.01.01 ~ 2022.12.31,"79,690,650",0,"500,000",N,0,수수료(보험료) 면제 방식,N,2022.11.16
112803,,,00013,007,대전광역시청,[대전광역시청] [보험료지원] 2022년 대전광역시청 지원사업,대전세종충남지사,보험료지원,2022.01.01 ~ 2022.12.31,"120,309,350",0,"2,000,000",N,0,수수료(보험료) 면제 방식,N,2022.12.05
112902,,,00017,175,경기도청,[경기도청] 2022년 경기도청 지원사업,경기서부지사,보험료지원,2022.01.01 ~ 2022.12.31,"6,994,570",0,0,N,0,수수료(보험료) 환불 방식,N,2022.12.21
112602,,,00023,175,경기도청,[경기도청] [보험료지원] 2022년 경기도청 지원사업,경기남부지사,보험료지원,2022.01.01 ~ 2022.12.31,"197,938,160",0,"700,000",N,0,수수료(보험료) 환불 방식,N,2022.12.28
112603,,,00001,175,경기도청,[경기도청] [보험료지원] 2022년 경기도청 지원사업(단체보험),구로디지털지사,보험료지원,2022.01.01 ~ 2022.12.31,0,0,0,N,0,수수료(보험료) 환불 방식,N,2022.06.21
112702,,,00005,156,화성시청,[화성시청] 2022년 화성시청 지원사업,경기남부지사,보험료지원+신용조사수수료지원,2022.01.01 ~ 2022.12.31,"10,213,560",0,"700,000",N,0,수수료(보험료) 환불 방식,N,2022.12.06
112703,,,00007,175,경기도청,[경기도청] [보험료지원] 2022년 경기도청 지원사업(단체보험),경기남부지사,보험료지원,2022.01.01 ~ 2022.12.31,"662,421,910",0,"300,000",N,0,수수료(보험료) 면제 방식,N,2022.12.28
112704,,,00002,156,화성시청,[화성시청] 2022년 화성시청 지원사업,경기서부지사,보험료지원+신용조사수수료지원,2022.01.01 ~ 2022.12.31,"2,000,000",0,"168,260",N,0,수수료(보험료) 환불 방식,N,2022.11.04
112502,,,00000,013,대구광역시청,[대구광역시청] [보험료지원] 2022년 대구광역시청 지원사업,대구경북지사,보험료지원,2022.01.01 ~ 2022.12.31,"400,000,000","24,416,790","6,000,000",N,0,수수료(보험료) 면제 방식,N,2022.06.17
112302,,,00000,185,음성군청,[음성군청] [보험료지원] 2022년 음성군청 지원사업,충북지사,보험료지원,2022.01.01 ~ 2022.12.31,"25,000,000",0,"1,000,000",N,0,수수료(보험료) 면제 방식,N,2022.06.17
112402,,,00000,022,충주시청,[충주시청] [보험료지원] 2022년 충주시청 지원사업,충북지사,보험료지원,2022.01.01 ~ 2022.12.31,"7,000,000",0,"1,000,000",N,0,수수료(보험료) 면제 방식,N,2022.06.17
112202,,,00010,196,aT(한국농수산식품유통공사),[aT(한국농수산식품유통공사)] [보험료지원] 2022년 aT(한국농수산식품유통공사) 지원사업,영업총괄실,보험료지원,2022.01.01 ~ 2022.12.31,"2,563,530,250",0,"80,000,000",N,0,수수료(보험료) 환불 방식,N,2023.01.04
112102,,,00003,012,경북도청,[경북도청] [보험료지원] 2022년 경북도청 지원사업,대구경북지사,보험료지원,2022.01.01 ~ 2022.12.31,"420,000,000",0,"5,000,000",N,0,수수료(보험료) 면제 방식,N,2022.10.05
112002,,,00001,170,구미시청,[구미시청] [보험료지원] 2022년 구미시청 지원사업,대구경북지사,보험료지원,2022.01.01 ~ 2022.12.31,"15,000,000",0,"1,000,000",N,0,수수료(보험료) 환불 방식,N,2022.07.29
111902,,,00005,001,인천광역시청,[인천광역시청] [보험료지원] 2022년 인천시청 지원사업(단체보험),인천지사,보험료지원,2022.01.02 ~ 2023.01.01,"73,616,740",0,"500,000",N,0,수수료(보험료) 면제 방식,N,2022.12.14
111802,,,00002,001,인천광역시청,[인천광역시청] [보험료지원] 2022년 인천시청 지원사업,인천지사,보험료지원,2022.01.01 ~ 2022.02.27,"141,736,200","130,951,590","1,000,000",N,0,수수료(보험료) 환불 방식,N,2022.12.01
111702,,,00017,096,전북특별자치도청,[전북도청] 2022년 전북도청 지원사업,전북지사,보험료지원+신용조사수수료지원,2022.01.01 ~ 2022.12.31,"250,000,000",0,"3,000,000",Y,"1,000,000",수수료(보험료) 면제 방식,N,2022.11.29
111602,,,00004,017,전남도청,[전남도청] [보험료지원] 2022년 전남도청 지원사업,광주전남지사,보험료지원,2022.01.01 ~ 2022.12.31,"185,000,000",0,"3,000,000",N,0,수수료(보험료) 환불 방식,N,2022.11.25
111603,,,00006,010,광주광역시청,[광주광역시청] [보험료지원] 2022년 광주광역시청 지원사업,광주전남지사,보험료지원,2022.01.01 ~ 2022.12.31,"160,000,000","4,211,480","3,000,000",N,0,수수료(보험료) 환불 방식,N,2022.11.21
111502,,,00003,148,TIPA(중소기업기술정보진흥원),[TIPA(중소기업기술정보진흥원)] [보험료지원] 2022년 TIPA(중소기업기술정보진흥원) 지원사업,영업총괄실,보험료지원,2022.01.01 ~ 2022.12.31,"39,166,480","25,976,880","250,000",N,0,수수료(보험료) 면제 방식,N,2023.01.11
111402,,,00005,065,제주특별자치도청,[제주특별자치도청] [보험료지원] 2022년 제주특별자치도청 지원사업,제주지사,보험료지원,2022.01.01 ~ 2022.12.31,"180,000,000","45,397,960","8,000,000",N,0,수수료(보험료) 환불 방식,N,2022.12.28
111302,,,00000,012,경북도청,[2019경북도청단체보험] 2021년 경북도청 지원사업(단체보험),대구경북지사,보험료지원+신용조사수수료지원,2021.01.01 ~ 2021.12.31,0,0,0,N,0,수수료(보험료) 환불 방식,N,2022.06.17
111202,,,00000,122,울주군청,[울주군청(단체보험)] [보험료지원] 2021년 울주군청 지원사업(단체보험),울산지사,보험료지원,2021.01.01 ~ 2021.12.31,"4,949,280",0,"300,000",N,0,수수료(보험료) 면제 방식,N,2022.06.17
111102,,,00000,175,경기도청,[경기도청-인천지사] 2021년 경기도청 지원사업,인천지사,보험료지원+신용조사수수료지원,2021.01.01 ~ 2021.12.31,"1,200,000",0,"900,000",N,0,수수료(보험료) 환불 방식,N,2022.06.17
111002,,,00000,175,경기도청,[경기도청-남부지역] 2021년 경기도청 지원사업,경기남부지사,보험료지원+신용조사수수료지원,2021.01.01 ~ 2021.12.31,0,0,0,N,0,수수료(보험료) 환불 방식,N,2022.06.17
110902,,,00000,090,신한은행,[신한은행(단체보험)] [보험료지원] 2021년 신한은행 지원사업(단체보험),영업총괄실,보험료지원,2021.01.01 ~ 2021.12.31,"30,000,000","7,959,380","50,000",N,0,수수료(보험료) 면제 방식,N,2022.06.17
110903,,,00000,208,한국섬유수출입협회,[한국섬유수출입협회] [보험료지원] 2021년 한국섬유수출입협회 지원사업,영업총괄실,보험료지원,2021.01.01 ~ 2021.12.31,"160,650",0,"22,950",N,0,수수료(보험료) 면제 방식,N,2022.06.17
110802,,,00000,128,시흥산업진흥원,[시흥산업진흥원(수출신용보증)] 2021년 시흥산업진흥원 지원사업(수출신용보증),경기서부지사,보험료지원+신용조사수수료지원,2021.08.01 ~ 2021.12.31,"12,000,000","5,419,000","1,000,000",N,0,수수료(보험료) 면제 방식,N,2022.06.17
110803,,,00000,128,시흥산업진흥원,[시흥산업진흥원(단기수출보험)] 2021년 시흥산업진흥원 지원사업(단기수출보험),경기서부지사,보험료지원+신용조사수수료지원,2021.08.01 ~ 2021.12.31,"12,000,000","5,843,270","1,000,000",N,0,수수료(보험료) 면제 방식,N,2022.06.17
110702,,,00000,175,경기도청,[경기도청-북부지역] [보험료지원] 2021년 경기도청 지원사업,경기북부지사,보험료지원,2021.01.01 ~ 2021.12.31,"23,200,000",0,"700,000",N,0,수수료(보험료) 면제 방식,N,2022.06.17
110602,,,00000,207,인제군청,[인제군청] [보험료지원] 2021년 인제군청 지원사업,강원지사,보험료지원,2021.01.01 ~ 2021.12.31,"6,000,000","2,325,440","300,000",N,0,수수료(보험료) 면제 방식,N,2022.06.17
110502,,,00000,118,한국수산무역협회,[한국수산무역협회(단체보험)] [보험료지원] 2021년 한국수산무역협회 지원사업(단체보험),영업총괄실,보험료지원,2021.01.01 ~ 2021.12.31,"10,679,080","5,610,420","1,000,000",N,0,수수료(보험료) 면제 방식,N,2022.06.17
110503,,,00000,187,한국산업단지공단,[한국산업단지공단] [보험료지원] 2021년 한국산업단지공단 지원사업,영업총괄실,보험료지원,2021.01.01 ~ 2021.12.31,"10,920,160",0,"250,000",N,0,수수료(보험료) 면제 방식,N,2022.06.17
110402,,,00000,243,진주시청,[진주시청] [보험료지원] 2021년 진주시청 지원사업,경남지사,보험료지원,2021.06.14 ~ 2021.12.31,"20,000,000","2,831,090","1,000,000",N,0,수수료(보험료) 면제 방식,N,2022.06.17
110302,,,00000,190,안산시청,[안산시] 2021년 안산시청 지원사업,경기서부지사,보험료지원+신용조사수수료지원,2021.06.15 ~ 2021.12.31,"20,000,000",0,"1,000,000",N,0,수수료(보험료) 면제 방식,N,2022.06.17
110202,,,00000,179,한국장애인고용공단,[한국장애인고용공단(단체보험)] [보험료지원] 2021년 한국장애인고용공단 지원사업(단체보험),영업총괄실,보험료지원,2021.01.01 ~ 2021.12.31,"243,230",0,"22,380",N,0,수수료(보험료) 면제 방식,N,2022.06.17
110102,,,00000,185,음성군청,[음성군청] [보험료지원] 2021년 음성군청 지원사업,충북지사,보험료지원,2021.01.01 ~ 2021.12.31,"25,000,000",0,"1,000,000",N,0,수수료(보험료) 면제 방식,N,2022.06.17
110002,,,00001,100,아산시청,[아산시청] [보험료지원] 2021년 아산시청 지원사업,천안출장소,보험료지원,2021.03.31 ~ 2021.12.31,"18,000,000",0,"2,000,000",N,0,수수료(보험료) 면제 방식,N,2022.09.15
109902,,,00000,171,진천군청,[진천군청] [보험료지원] 2021년 진천군청 지원사업,충북지사,보험료지원,2021.03.26 ~ 2021.12.31,"10,000,000",0,"1,000,000",N,0,수수료(보험료) 면제 방식,N,2022.06.17
109802,,,00000,144,칠곡군청,[칠곡군청] [보험료지원] 2021년 칠곡군청 지원사업,대구경북지사,보험료지원,2021.04.01 ~ 2022.03.31,"20,000,000","5,335,120","1,000,000",N,0,수수료(보험료) 환불 방식,N,2022.06.17
109702,,,00000,121,울산광역시청,[울산시청] [보험료지원] 2021년 울산시청 지원사업,울산지사,보험료지원,2021.01.01 ~ 2021.12.31,"88,838,990",0,"4,000,000",N,0,수수료(보험료) 환불 방식,N,2022.06.17
109703,,,00000,121,울산광역시청,[울산시청(중소플러스 개별)] [보험료지원] 2021년 울산시청 지원사업(중소중견Plus+),울산지사,보험료지원,2021.01.01 ~ 2021.12.31,"19,076,860",0,"4,000,000",N,0,수수료(보험료) 환불 방식,N,2022.06.17
109602,,,00005,202,우리은행,"[우리은행] [보험료지원] 우리은행 지원사업(포괄매입, 선적전)",영업총괄실,보험료지원,2021.04.01 ~ 2024.03.26,"1,200,000,000","1,041,119,400","10,000,000",N,0,수수료(보험료) 면제 방식,Y,2024.03.26
109502,,,00000,053,산림조합중앙회,[산림조합중앙회] [보험료지원] 2021년 산림조합중앙회 지원사업,영업총괄실,보험료지원,2020.12.11 ~ 2021.12.10,"40,981,730",0,"10,000,000",N,0,수수료(보험료) 면제 방식,N,2022.06.17
109402,,,00000,006,부산광역시청,[부산광역시청(수출신용보증)] [보험료지원] 2021년 부산광역시청 지원사업(수출신용보증),부산지사,보험료지원,2021.01.01 ~ 2021.12.31,"100,000,000",0,"5,000,000",N,0,수수료(보험료) 환불 방식,N,2022.06.17
109202,,,00000,121,울산광역시청,[울산시청(단체보험)] [보험료지원] 2021년 울산시청 지원사업(단체보험),울산지사,보험료지원,2021.01.01 ~ 2021.12.31,"30,704,750",0,"300,000",N,0,수수료(보험료) 면제 방식,N,2022.06.17
109302,,,00000,006,부산광역시청,"[부산광역시청(단기수출보험, 환변동보험)] [보험료지원] 2021년 부산광역시청 지원사업(단기수출보험, 환변동보험)",부산지사,보험료지원,2021.01.01 ~ 2021.12.31,"500,000,000","2,932,110","2,000,000",N,0,수수료(보험료) 면제 방식,N,2022.06.17
109303,,,00000,031,서울특별시청,[서울특별시청(단체보험)] [보험료지원] 2021년 서울특별시청 지원사업(단체보험),중앙지사,보험료지원,2021.01.01 ~ 2021.12.31,"266,662,840",0,"3,000,000",N,0,수수료(보험료) 면제 방식,N,2022.06.17
109304,,,00000,031,서울특별시청,[서울시청(중앙지사)] [보험료지원] 2021년 서울특별시청 지원사업,중앙지사,보험료지원,2021.01.01 ~ 2021.12.31,"533,337,160","4,500","3,000,000",N,0,수수료(보험료) 면제 방식,N,2022.06.17
109305,,,00000,031,서울특별시청,[서울시청(강남지사)] [보험료지원] 2021년 서울특별시청 지원사업,강남지사,보험료지원,2021.01.01 ~ 2021.12.31,"400,000,000",0,"3,000,000",N,0,수수료(보험료) 면제 방식,N,2022.06.17
109306,,,00000,031,서울특별시청,[서울시청(구로디지털지사)] [보험료지원] 2021년 서울특별시청 지원사업,구로디지털지사,보험료지원,2021.01.01 ~ 2021.12.31,"300,000,000","337,570","3,000,000",N,0,수수료(보험료) 면제 방식,N,2022.06.17
109002,,,00000,066,수원시청,[수원시청] 2021년 수원시청 지원사업,경기남부지사,보험료지원+신용조사수수료지원,2021.04.01 ~ 2021.11.30,"20,000,000",0,"1,000,000",N,0,수수료(보험료) 면제 방식,N,2022.06.17
109102,,,00000,001,인천광역시청,[인천시청] [보험료지원] 2021년 인천시청 지원사업,인천지사,보험료지원,2021.03.12 ~ 2021.12.31,"148,262,190",0,"5,000,000",N,0,수수료(보험료) 환불 방식,N,2022.06.17
109103,,,00000,001,인천광역시청,[인천시청(단체보험)] [보험료지원] 2021년 인천시청 지원사업(단체보험),인천지사,보험료지원,2021.03.12 ~ 2022.01.01,"49,260,100",0,"500,000",N,0,수수료(보험료) 면제 방식,N,2022.06.17
108902,,,00000,044,울산상공회의소,[울산상공회의소(단체보험)] [보험료지원] 2021년 울산상공회의소 지원사업(단체보험),울산지사,보험료지원,2021.01.01 ~ 2021.12.31,"3,627,200",0,"400,000",N,0,수수료(보험료) 면제 방식,N,2022.06.17
108802,,,00000,149,김포시청,[김포시청] 2021년 김포시청 지원사업,경기북부지사,보험료지원+신용조사수수료지원,2021.01.01 ~ 2021.12.31,"50,000,000","7,856,990","1,000,000",N,0,수수료(보험료) 면제 방식,N,2022.06.17
108602,,,00000,016,원주시청,[원주시청] 2021년 원주시청 지원사업,강원지사,보험료지원+신용조사수수료지원,2021.01.01 ~ 2021.12.31,"10,000,000",0,"1,500,000",N,0,수수료(보험료) 면제 방식,N,2022.06.17
108603,,,00000,011,강원특별자치도청,[강원도청(단체보험)] [보험료지원] 2021년 강원도청 지원사업(단체보험),강원지사,보험료지원,2021.01.01 ~ 2021.12.31,"16,437,600",0,"300,000",N,0,수수료(보험료) 면제 방식,N,2022.06.17
108604,,,00000,011,강원특별자치도청,[강원도청(기타보험)] [보험료지원] 2021년 강원도청 지원사업,강원지사,보험료지원,2021.01.01 ~ 2021.12.31,"8,562,400",0,"1,500,000",N,0,수수료(보험료) 면제 방식,N,2022.06.17
108702,,,00000,175,경기도청,[경기도청-인천(단체보험)] [보험료지원] 2021년 경기도청 지원사업(단체보험),인천지사,보험료지원,2021.01.01 ~ 2021.12.31,0,0,0,N,0,수수료(보험료) 환불 방식,N,2022.06.17
108502,,,00000,175,경기도청,[경기도청-북부지역(단체보험)] 2021년 경기도청 지원사업(단체보험),경기북부지사,보험료지원+신용조사수수료지원,2021.01.01 ~ 2021.12.31,0,0,0,N,0,수수료(보험료) 면제 방식,N,2022.06.17
108002,,,00000,131,익산시청,[익산시청] 2021년 익산시청 지원사업,전북지사,보험료지원+신용조사수수료지원,2021.01.01 ~ 2021.11.30,"50,000,000",0,"4,000,000",N,0,수수료(보험료) 면제 방식,N,2022.06.17
108003,,,00000,106,성남시청,[성남시청] [보험료지원] 2021년 성남시청 지원사업,경기남부지사,보험료지원,2021.01.02 ~ 2021.11.30,"29,344,700",0,"700,000",N,0,수수료(보험료) 면제 방식,N,2022.06.17
108004,,,00000,106,성남시청,[성남시청(단체보험)] [보험료지원] 2021년 성남시청 지원사업(단체보험),경기남부지사,보험료지원,2021.01.01 ~ 2021.11.30,"20,655,300",0,"300,000",N,0,수수료(보험료) 면제 방식,N,2022.06.17
108102,,,00000,175,경기도청,[경기도청-구로] [보험료지원] 2021년 경기도청 지원사업,구로디지털지사,보험료지원,2021.01.01 ~ 2021.12.31,"13,072,290",0,"900,000",N,0,수수료(보험료) 환불 방식,N,2022.06.17
108202,,,00000,175,경기도청,[경기도청] [보험료지원] 2021년 경기도청 지원사업,경기남부지사,보험료지원,2021.01.01 ~ 2021.12.31,"34,795,690",0,"700,000",N,0,수수료(보험료) 환불 방식,N,2022.06.17
108203,,,00000,175,경기도청,[경기도청(단체보험)] [보험료지원] 2021년 경기도청 지원사업(단체보험),경기남부지사,보험료지원,2021.01.01 ~ 2021.12.31,"516,332,020",0,"300,000",N,0,수수료(보험료) 면제 방식,N,2022.06.17
108302,,,00000,085,안양산업진흥원,[안양창조산업진흥원] 2021년 안양창조산업진흥원 지원사업,경기남부지사,보험료지원+신용조사수수료지원,2021.01.01 ~ 2021.12.31,"11,512,900",0,"700,000",N,0,수수료(보험료) 면제 방식,N,2022.06.17
108303,,,00000,030,충남도청,[충남도청] 2021년 충남도청 지원사업,대전세종충남지사,보험료지원+신용조사수수료지원,2021.01.01 ~ 2021.12.31,"254,322,910",0,"3,000,000",N,0,수수료(보험료) 면제 방식,N,2022.06.17
108402,,,00000,030,충남도청,[충남도청 단체보험 (2021)] [보험료지원] 2021년 충남도청 지원사업(단체보험),대전세종충남지사,보험료지원,2021.01.01 ~ 2021.12.31,"45,677,090",0,"500,000",N,0,수수료(보험료) 면제 방식,N,2022.06.17
108403,,,00000,105,안양시청,[안양시청(단체보험)] 2021년 안양시청 지원사업(단체보험),경기남부지사,보험료지원+신용조사수수료지원,2021.01.01 ~ 2021.12.31,"17,587,100",0,"300,000",N,0,수수료(보험료) 면제 방식,N,2022.06.17
108404,,,00000,109,용인시청,[용인시청] 2021년 용인시청 지원사업,경기남부지사,보험료지원+신용조사수수료지원,2021.01.01 ~ 2021.12.31,"22,764,720",0,"700,000",N,0,수수료(보험료) 면제 방식,N,2022.06.17
108405,,,00000,109,용인시청,[용인시청(단체보험)] 2021년 용인시청 지원사업(단체보험),경기남부지사,보험료지원+신용조사수수료지원,2021.01.01 ~ 2021.12.31,"17,235,280",0,"300,000",N,0,수수료(보험료) 면제 방식,N,2022.06.17
108406,,,00000,107,오산시청,[오산시청] 2021년 오산시청 지원사업,경기남부지사,보험료지원+신용조사수수료지원,2021.01.01 ~ 2021.12.31,"9,142,680",0,"700,000",N,0,수수료(보험료) 면제 방식,N,2022.06.17
108407,,,00000,107,오산시청,[오산시청(단체보험)] 2021년 오산시청 지원사업(단체보험),경기남부지사,보험료지원+신용조사수수료지원,2021.01.01 ~ 2021.12.31,"10,857,320",0,"300,000",N,0,수수료(보험료) 면제 방식,N,2022.06.17
107602,,,00000,026,창원시청,[창원시청] [보험료지원] 2021년 창원시청 지원사업,경남지사,보험료지원,2021.03.04 ~ 2021.12.31,"50,000,000",0,"2,000,000",N,0,수수료(보험료) 면제 방식,N,2022.06.17
107603,,,00000,095,창원산업진흥원,[창원산업진흥원] [보험료지원] 2021년 창원산업진흥원 지원사업,경남지사,보험료지원,2021.03.08 ~ 2021.12.31,"40,000,000",0,"1,000,000",N,0,수수료(보험료) 면제 방식,N,2022.06.17
107604,,,00000,135,함안군청,[함안군청] [보험료지원] 2021년 함안군청 지원사업,경남지사,보험료지원,2021.03.08 ~ 2021.12.31,"20,000,000",0,"1,000,000",N,0,수수료(보험료) 면제 방식,N,2022.06.17
107702,,,00000,086,김해중소기업비즈니스센터,[김해중소기업비즈니스센터] [보험료지원] 2021년 김해중소기업비즈니스센터 지원사업,경남지사,보험료지원,2021.03.08 ~ 2021.12.31,"30,000,000",0,"1,000,000",N,0,수수료(보험료) 면제 방식,N,2022.06.17
107802,,,00000,052,밀양시청,[밀양시청] [보험료지원] 2021년 밀양시청 지원사업,경남지사,보험료지원,2021.03.08 ~ 2021.12.31,"30,000,000",0,"2,000,000",N,0,수수료(보험료) 면제 방식,N,2022.06.17
107902,,,00000,175,경기도청,[경기도청-중앙] [보험료지원] 2021년 경기도청 지원사업,중앙지사,보험료지원,2021.01.01 ~ 2021.12.31,"11,400,000",0,"900,000",N,0,수수료(보험료) 환불 방식,N,2022.06.17
107502,,,00000,029,세종특별자치시청,[세종특별시청] [보험료지원] 2021년 세종특별시청 지원사업,대전세종충남지사,보험료지원,2021.01.01 ~ 2021.12.31,"19,017,880",0,"2,000,000",N,0,수수료(보험료) 면제 방식,N,2022.06.17
107503,,,00000,029,세종특별자치시청,[세종특별자치시 단체보험 (2021)] [보험료지원] 2021년 세종특별시청 지원사업(단체보험),대전세종충남지사,보험료지원,2021.01.01 ~ 2021.12.31,"5,982,120",0,"500,000",N,0,수수료(보험료) 면제 방식,N,2022.06.17
107302,,,00000,008,경남도청,[경남도청] [보험료지원] 2021년 경남도청 지원사업,경남지사,보험료지원,2021.01.01 ~ 2021.12.31,"558,430,510",0,"5,000,000",N,0,수수료(보험료) 면제 방식,N,2022.06.17
107402,,,00000,008,경남도청,[경남도청(보증료)] [보험료지원] 2021년 경남도청 지원사업(수출신용보증),경남지사,보험료지원,2021.01.01 ~ 2021.12.31,"191,569,490",0,"3,000,000",N,0,수수료(보험료) 면제 방식,N,2022.06.17
107102,,,00000,170,구미시청,[구미시청] [보험료지원] 2021년 구미시청 지원사업,대구경북지사,보험료지원,2021.01.01 ~ 2021.12.31,"15,000,000","294,970","1,000,000",N,0,수수료(보험료) 환불 방식,N,2022.06.17
107202,,,00000,122,울주군청,[울주군청 ] [보험료지원] 2021년 울주군청 지원사업,울산지사,보험료지원,2021.01.01 ~ 2021.12.31,"16,449,300",0,"2,000,000",N,0,수수료(보험료) 환불 방식,N,2022.06.17
107002,,,00000,015,한국무역협회,[한국무역협회(단체보험)] [보험료지원] 2021년 한국무역협회 지원사업(단체보험),영업총괄실,보험료지원,2021.02.19 ~ 2022.02.01,"150,000,000","37,584,760","1,000,000",N,0,수수료(보험료) 환불 방식,N,2022.06.17
106902,,,00000,012,경북도청,[경북도청] [보험료지원] 2021년 경북도청 지원사업,대구경북지사,보험료지원,2021.01.01 ~ 2021.12.31,"430,000,000",0,"5,000,000",N,0,수수료(보험료) 환불 방식,N,2022.06.17
106702,,,00000,007,대전광역시청,[대전광역시청] [보험료지원] 2021년 대전광역시청 지원사업,대전세종충남지사,보험료지원,2021.01.01 ~ 2021.12.30,"154,242,250","9,237,500","2,000,000",N,0,수수료(보험료) 환불 방식,N,2022.06.17
106802,,,00000,058,청주시청,[청주시청] [보험료지원] 2021년 청주시청 지원사업,충북지사,보험료지원,2021.02.01 ~ 2021.12.31,"40,000,000",0,"2,000,000",N,0,수수료(보험료) 면제 방식,N,2022.06.17
106803,,,00000,007,대전광역시청,[대전광역시 단체보험 (2021)] [보험료지원] 2021년 대전광역시청 지원사업(단체보험),대전세종충남지사,보험료지원,2021.01.01 ~ 2021.12.31,"45,757,750",0,"500,000",N,0,수수료(보험료) 면제 방식,N,2022.06.17
106402,,,00000,120,양산시청,[양산시청] [보험료지원] 2021년 양산시청 지원사업,부산지사,보험료지원,2021.02.15 ~ 2021.12.31,"20,000,000","710,380","1,000,000",N,0,수수료(보험료) 면제 방식,N,2022.06.17
106502,,,00000,182,파주시청,[파주시청] 2021년 파주시청 지원사업,경기북부지사,보험료지원+신용조사수수료지원,2021.01.01 ~ 2021.11.30,"30,000,000",0,"1,000,000",N,0,수수료(보험료) 면제 방식,N,2022.06.17
106503,,,00000,022,충주시청,[충주시청] [보험료지원] 2021년 충주시청 지원사업,충북지사,보험료지원,2021.03.01 ~ 2021.11.30,"7,000,000",0,"1,000,000",N,0,수수료(보험료) 면제 방식,N,2022.06.17
106602,,,00000,151,대구 달성군청,[대구 달성군청] [보험료지원] 2021년 대구 달성군청 지원사업,대구경북지사,보험료지원,2021.01.01 ~ 2021.12.31,"50,000,000","10,761,870","3,000,000",N,0,수수료(보험료) 환불 방식,N,2022.06.17
106302,,,00000,013,대구광역시청,[대구광역시청] [보험료지원] 2021년 대구광역시청 지원사업,대구경북지사,보험료지원,2021.01.01 ~ 2021.12.31,"400,000,000","32,784,580","6,000,000",N,0,수수료(보험료) 면제 방식,N,2022.06.17
106102,,,00000,178,당진시청,[당진시] [보험료지원] 2021년 당진시청 지원사업,천안출장소,보험료지원,2021.01.01 ~ 2021.01.01,"10,000,000","676,030","1,000,000",N,0,수수료(보험료) 면제 방식,N,2022.06.17
106203,,,00000,021,충북도청,[충북도청(단체보험)] [보험료지원] 2021년 충북도청 지원사업(단체보험),충북지사,보험료지원,2021.01.01 ~ 2021.12.31,"216,700,480",0,"300,000",N,0,수수료(보험료) 면제 방식,N,2022.06.17
106204,,,00001,096,전북특별자치도청,[전북특별자치도청] 2021년 전북도청 지원사업,전북지사,보험료지원+신용조사수수료지원,2020.12.01 ~ 2021.12.31,"177,860,610",0,"3,000,000",Y,"1,000,000",수수료(보험료) 면제 방식,N,2024.09.23
106205,,,00000,096,전북특별자치도청,[전북도청(단체보험)] [보험료지원] 2021년 전북도청 지원사업(단체보험),전북지사,보험료지원,2021.01.01 ~ 2021.12.31,"72,139,390",0,"500,000",N,0,수수료(보험료) 면제 방식,N,2022.06.17
106206,,,00000,021,충북도청,[충북도청] [보험료지원] 2021년 충북도청 지원사업,충북지사,보험료지원,2021.01.01 ~ 2021.12.31,"183,299,520",0,"4,000,000",N,0,수수료(보험료) 면제 방식,N,2022.06.17
106002,,,00000,061,경산시청,[경산시청] [보험료지원] 2021년 경산시청 지원사업,대구경북지사,보험료지원,2021.01.01 ~ 2021.12.31,"30,000,000","5,133,580","2,000,000",N,0,수수료(보험료) 면제 방식,N,2022.06.17
106003,,,00000,061,경산시청,[경산단체] [보험료지원] 2021년 경산단체 지원사업,대구경북지사,보험료지원,2021.01.01 ~ 2021.12.31,0,0,0,N,0,수수료(보험료) 면제 방식,N,2022.06.17
105903,,,00000,084,천안시청,[천안시청] [보험료지원] 2021년 천안시청 지원사업,천안출장소,보험료지원,2021.01.01 ~ 2021.12.31,"50,000,000",0,"2,000,000",N,0,수수료(보험료) 면제 방식,N,2022.06.17
105802,,,00000,196,aT(한국농수산식품유통공사),[aT-전체] [보험료지원] 2021년 aT(한국농수산식품유통공사) 지원사업,영업총괄실,보험료지원,2021.01.01 ~ 2021.12.31,"1,777,669,260",0,"80,000,000",N,0,수수료(보험료) 환불 방식,N,2022.06.17
105702,,,00000,148,TIPA(중소기업기술정보진흥원),[TIPA] [보험료지원] 2021년 TIPA(중소기업기술정보진흥원) 지원사업,영업총괄실,보험료지원,2021.01.01 ~ 2021.12.31,"38,500,400","21,166,480","250,000",N,0,수수료(보험료) 면제 방식,N,2022.06.17
105602,,,00000,430,춘천시청,[춘천시청] [보험료지원] 2021년 춘천시청 지원사업,강원지사,보험료지원,2021.01.01 ~ 2021.12.31,"7,097,360",0,"1,000,000",N,0,수수료(보험료) 면제 방식,N,2022.06.17
105603,,,00000,430,춘천시청,[춘천시청(단체보험)] [보험료지원] 2021년 춘천시청 지원사업(단체보험),강원지사,보험료지원,2021.01.01 ~ 2021.12.31,"2,902,640",0,"300,000",N,0,수수료(보험료) 면제 방식,N,2022.06.17
105502,,,00000,010,광주광역시청,[광주광역시청] [보험료지원] 2021년 광주광역시청 지원사업,광주전남지사,보험료지원,2021.01.01 ~ 2021.12.31,"140,000,000","96,870","3,000,000",N,0,수수료(보험료) 환불 방식,N,2022.06.17
105402,,,00000,065,제주특별자치도청,[제주특별자치도청] [보험료지원] 2021년 제주특별자치도청 지원사업,제주지사,보험료지원,2021.01.01 ~ 2021.12.31,"201,000,000","70,644,020","8,000,000",N,0,수수료(보험료) 환불 방식,N,2022.06.17
105302,,,00000,017,전남도청,[전남도청] [보험료지원] 2021년 전남도청 지원사업,광주전남지사,보험료지원,2021.01.01 ~ 2021.12.31,"180,000,000","21,160,170","3,000,000",N,0,수수료(보험료) 환불 방식,N,2022.06.17
105202,,,00000,184,경남은행 울산영업본부,[경남은행 울산영업본부] [보험료지원] 2020년 경남은행 지원사업_울산영업본부,울산지사,보험료지원,2020.01.01 ~ 2020.12.31,"2,195,800",0,"219,580",N,0,수수료(보험료) 면제 방식,N,2022.06.17
105102,,,00000,122,울주군청,[울주군청(단체보험)] [보험료지원] 2020년 울주군청 지원사업(단체보험),울산지사,보험료지원,2020.01.01 ~ 2020.12.31,"4,773,300",0,"250,000",N,0,수수료(보험료) 환불 방식,N,2022.06.17
105002,,,00000,195,한국서부발전,[한국서부발전 (4차 사업)] [보험료지원] 2020년 한국서부발전 4차사업 지원사업,대전세종충남지사,보험료지원,2020.11.01 ~ 2021.10.31,"36,334,583",0,"10,000,000",N,0,수수료(보험료) 면제 방식,N,2022.06.17
104802,,,00000,061,경산시청,[경산단체] [보험료지원] 2020년 경산단체 지원사업,대구경북지사,보험료지원,2020.01.01 ~ 2020.12.31,0,0,0,N,0,수수료(보험료) 면제 방식,N,2022.06.17
104702,,,00000,107,오산시청,[오산시청(단체보험)] 2020년 오산시청 지원사업(단체보험),경기남부지사,보험료지원+신용조사수수료지원,2020.01.01 ~ 2020.11.30,"9,595,870",0,"300,000",N,0,수수료(보험료) 면제 방식,N,2022.06.17
104602,,,00011,192,국민은행,[국민은행] 수출패키지 우대금융 업무협약(舊 수출입금융 특별출연 협약),영업총괄실,보험료지원,2020.10.15 ~ 2025.06.26,"2,000,000,000","583,858,360","20,000,000",N,0,수수료(보험료) 면제 방식,,2025.06.26
104502,,,00000,187,한국산업단지공단,[한국산업단지공단] [보험료지원] 2020년 한국산업단지공단 지원사업,영업총괄실,보험료지원,2020.01.01 ~ 2020.12.31,"12,104,560",0,"300,000",N,0,수수료(보험료) 면제 방식,,2022.06.17
104402,,,00000,190,안산시청,[안산시] 2020년 안산시청 지원사업,경기서부지사,보험료지원+신용조사수수료지원,2020.09.18 ~ 2020.12.31,"10,000,000",0,"1,000,000",N,0,수수료(보험료) 면제 방식,,2022.06.17
104302,,,00000,148,TIPA(중소기업기술정보진흥원),[TIPA] [보험료지원] 2020년 TIPA(중소기업기술정보진흥원) 지원사업,영업총괄실,보험료지원,2020.01.01 ~ 2020.12.31,"22,000,000","13,500,400","250,000",N,0,수수료(보험료) 면제 방식,,2022.06.17
104202,,,00003,189,하나은행,[하나은행] [보험료지원] 2020년 하나은행 지원사업(포괄매입),영업총괄실,보험료지원,2020.09.07 ~ 9999.12.31,"1,000,000,000","304,981,350","10,000,000",N,0,수수료(보험료) 면제 방식,Y,2024.01.02
104203,,,00003,090,신한은행,[신한은행] [보험료지원] 2020년 신한은행 지원사업(포괄매입),영업총괄실,보험료지원,2020.09.07 ~ 9999.12.31,"600,000,000","171,662,570","10,000,000",N,0,수수료(보험료) 면제 방식,Y,2022.08.31
104102,,,00000,122,울주군청,[울주군청(중소플러스 개별)] [보험료지원] 2020년 울주군청 지원사업(중소중견Plus+),울산지사,보험료지원,2020.01.01 ~ 2020.12.31,"1,330,090",0,"1,330,090",N,0,수수료(보험료) 환불 방식,,2022.06.17
104002,,,00000,013,대구광역시청,[대구시청(플러스 U$1000만 이상)] [신용조사수수료지원] 2020년 대구광역시청 U$1000만 이상 지원사업(중소중견Plus+),대구경북지사,신용조사수수료지원,2020.01.01 ~ 2020.12.31,0,0,0,N,0,수수료(보험료) 면제 방식,,2022.06.17
103902,,,00000,008,경남도청,[경남도청(보증료)] [보험료지원] 2020년 경남도청 지원사업(수출신용보증),경남지사,보험료지원,2020.01.02 ~ 2020.12.31,"250,000,000",0,"3,000,000",N,0,수수료(보험료) 면제 방식,,2022.06.17
103802,,,00000,011,강원특별자치도청,[강원도청(단체보험)] [보험료지원] 2020년 강원도청 지원사업(단체보험),강원지사,보험료지원,2020.01.01 ~ 2020.12.31,"16,690,860",0,"200,000",N,0,수수료(보험료) 면제 방식,,2022.06.17
103702,,,00000,185,음성군청,[음성군청] [보험료지원] 2020년 음성군청 지원사업,충북지사,보험료지원,2020.01.01 ~ 2020.12.31,"24,000,000",0,"1,000,000",N,0,수수료(보험료) 면제 방식,,2022.06.17
103602,,,00000,118,한국수산무역협회,[한국수산무역협회(단체보험)] [보험료지원] 2020년 한국수산무역협회 지원사업(단체보험),영업총괄실,보험료지원,2020.01.01 ~ 2020.12.31,"10,000,000","2,995,410","1,000,000",N,0,수수료(보험료) 면제 방식,,2022.06.17
103502,,,00000,430,춘천시청,[춘천시청(단체보험)] [보험료지원] 2020년 춘천시청 지원사업(단체보험),강원지사,보험료지원,2020.01.01 ~ 2020.12.31,"3,157,700",0,"300,000",N,0,수수료(보험료) 면제 방식,,2022.06.17
103402,,,00000,243,진주시청,[진주시청] [보험료지원] 2020년 진주시청 지원사업,경남지사,보험료지원,2020.06.11 ~ 2020.12.31,"20,000,000",0,"1,000,000",N,0,수수료(보험료) 면제 방식,,2022.06.17
103302,,,00000,026,창원시청,[창원시청] [보험료지원] 2020년 창원시청 지원사업,경남지사,보험료지원,2020.01.01 ~ 2020.12.31,"40,000,000",0,"2,000,000",N,0,수수료(보험료) 면제 방식,,2022.06.17
103002,,,00000,121,울산광역시청,[울산시청(중소플러스 개별)] [보험료지원] 2020년 울산시청 지원사업(중소중견Plus+),울산지사,보험료지원,2020.01.01 ~ 2020.12.31,"27,561,660",0,"4,000,000",N,0,수수료(보험료) 환불 방식,,2022.06.17
103102,,,00000,121,울산광역시청,[울산시청] [보험료지원] 2020년 울산시청 지원사업,울산지사,보험료지원,2020.01.01 ~ 2020.12.31,"73,382,490",0,"4,000,000",N,0,수수료(보험료) 환불 방식,,2022.06.17
103202,,,00000,122,울주군청,[울주군청(수출신용보증)] [보험료지원] 2020년 울주군청 지원사업(수출신용보증),울산지사,보험료지원,2020.01.01 ~ 2020.12.31,"14,760,590",0,"2,000,000",N,0,수수료(보험료) 환불 방식,,2022.06.17
102902,,,00000,011,강원특별자치도청,[강원도청(기타보험)] [보험료지원] 2020년 강원도청 지원사업,강원지사,보험료지원,2020.01.01 ~ 2020.12.31,"8,309,140",0,"1,200,000",N,0,수수료(보험료) 면제 방식,,2022.06.17
102802,,,00000,182,파주시청,[파주시청] 2020년 파주시청 지원사업,경기북부지사,보험료지원+신용조사수수료지원,2020.01.02 ~ 2020.12.31,"30,000,000",0,"1,000,000",N,0,수수료(보험료) 면제 방식,,2022.06.17
102702,,,00000,016,원주시청,[원주시청] [보험료지원] 2020년 원주시청 지원사업,강원지사,보험료지원,2020.01.01 ~ 2020.12.31,"10,000,000",0,"1,500,000",N,0,수수료(보험료) 면제 방식,,2022.06.17
102703,,,00000,430,춘천시청,[춘천시청] [보험료지원] 2020년 춘천시청 지원사업,강원지사,보험료지원,2020.01.01 ~ 2020.12.31,"6,842,300",190,"1,000,000",N,0,수수료(보험료) 면제 방식,,2022.06.17
102602,,,00000,175,경기도청,[경기도청-인천(단체보험)] 2020년 경기도청 지원사업(단체보험),인천지사,보험료지원+신용조사수수료지원,2020.01.01 ~ 2020.12.31,"9,812,000",0,"300,000",N,0,수수료(보험료) 면제 방식,,2022.06.17
102502,,,00000,181,포항시청,[포항시] [보험료지원] 2020년 포항시청 지원사업,대구경북지사,보험료지원,2020.01.01 ~ 2020.12.31,"30,000,000","20,148,340","3,000,000",N,0,수수료(보험료) 환불 방식,,2022.06.17
102402,,,00000,178,당진시청,[당진시] [보험료지원] 2020년 당진시청 지원사업,천안출장소,보험료지원,2020.03.01 ~ 2020.12.31,"10,000,000","5,170,450","1,000,000",N,0,수수료(보험료) 면제 방식,,2022.06.17
102302,,,00000,090,신한은행,[신한은행(단체보험)] [보험료지원] 2020년 신한은행 지원사업(단체보험),영업총괄실,보험료지원,2020.01.01 ~ 2020.12.31,"25,489,410",0,"500,000",N,0,수수료(보험료) 면제 방식,,2022.06.17
102202,,,00000,144,칠곡군청,[칠곡군청] [보험료지원] 2020년 칠곡군청 지원사업,대구경북지사,보험료지원,2020.04.01 ~ 2021.03.31,"20,000,000","6,622,660","2,000,000",N,0,수수료(보험료) 환불 방식,,2022.06.17
102102,,,00000,179,한국장애인고용공단,[한국장애인고용공단(단체보험)] [보험료지원] 2020년 한국장애인고용공단 지원사업(단체보험),영업총괄실,보험료지원,2020.01.01 ~ 2020.12.31,"218,160",0,"30,000",N,0,수수료(보험료) 면제 방식,,2022.06.17
102002,,,00003,189,하나은행,[하나은행] [보험료지원] 2020년 외환은행(現 하나은행) 지원사업,영업총괄실,보험료지원,2020.03.30 ~ 9999.12.31,"1,043,952,370","302,854,950","10,000,000",N,0,수수료(보험료) 면제 방식,Y,2024.01.02
101902,,,00000,171,진천군청,[진천군청] [보험료지원] 2020년 진천군청 지원사업,충북지사,보험료지원,2020.03.26 ~ 2020.12.31,"10,000,000",0,"1,000,000",N,0,수수료(보험료) 면제 방식,,2022.06.17
101802,,,00000,029,세종특별자치시청,[세종특별시청] [보험료지원] 2020년 세종특별시청 지원사업,대전세종충남지사,보험료지원,2020.01.01 ~ 2020.12.31,"20,245,850",0,"2,000,000",N,0,수수료(보험료) 면제 방식,,2022.06.17
101803,,,00000,029,세종특별자치시청,[세종특별자치시 단체보험 (2020)] [보험료지원] 2020년 세종특별시청 지원사업(단체보험),대전세종충남지사,보험료지원,2020.01.01 ~ 2020.12.31,"4,754,150",0,"500,000",N,0,수수료(보험료) 면제 방식,,2022.06.17
101702,,,00000,175,경기도청,[경기도청(단체보험)] 2020년 경기도청 지원사업(단체보험),경기남부지사,보험료지원+신용조사수수료지원,2020.01.02 ~ 2020.12.31,"884,038,780",0,"300,000",N,0,수수료(보험료) 면제 방식,,2022.06.17
101703,,,00000,175,경기도청,[경기도청(코로나19 수출피해기업)] 2020년 경기도청 코로나19 수출피해기업 지원사업,경기남부지사,보험료지원+신용조사수수료지원,2020.01.01 ~ 2020.12.31,"238,027,990",0,"1,000,000",N,0,수수료(보험료) 환불 방식,,2022.06.17
101704,,,00000,175,경기도청,[경기도청] 2020년 경기도청 지원사업,경기남부지사,보험료지원+신용조사수수료지원,2020.01.01 ~ 2020.12.31,"123,132,610",0,"700,000",N,0,수수료(보험료) 환불 방식,,2022.06.17
101602,,,00000,053,산림조합중앙회,[산림조합중앙회] [보험료지원] 2020년 산림조합중앙회 지원사업,영업총괄실,보험료지원,2019.12.11 ~ 2020.12.10,"16,666,350",0,"10,000,000",N,0,수수료(보험료) 면제 방식,,2022.06.17
101402,,,00000,121,울산광역시청,[울산시청(단체보험)] [보험료지원] 2020년 울산시청 지원사업(단체보험),울산지사,보험료지원,2020.01.01 ~ 2020.12.31,"25,881,550",0,"300,000",N,0,수수료(보험료) 면제 방식,,2022.06.17
101502,,,00000,175,경기도청,[경기도청-강남] [보험료지원] 2020년 경기도청 지원사업,강남지사,보험료지원,2020.01.01 ~ 2020.12.31,"1,711,640",0,"300,000",N,0,수수료(보험료) 면제 방식,,2022.06.17
101302,,,00000,044,울산상공회의소,[울산상공회의소(단체보험)] [보험료지원] 2020년 울산상공회의소 지원사업(단체보험),울산지사,보험료지원,2020.01.01 ~ 2020.12.31,"3,815,170",0,"400,000",N,0,수수료(보험료) 면제 방식,,2022.06.17
101202,,,00000,175,경기도청,[경기도청-구로(단체보험)] 2020년 경기도청 지원사업(단체보험),구로디지털지사,보험료지원+신용조사수수료지원,2020.01.01 ~ 2020.12.31,"1,222,600",0,"300,000",N,0,수수료(보험료) 면제 방식,,2022.06.17
101102,,,00000,170,구미시청,[구미시청] [보험료지원] 2020년 구미시청 지원사업,대구경북지사,보험료지원,2020.04.01 ~ 2020.12.31,"15,000,000","115,750","1,000,000",N,0,수수료(보험료) 환불 방식,,2022.06.17
101002,,,00000,175,경기도청,[단체보험-경기도청(2020 코로나19수출애로기업)] 2020년 경기도청 코로나19 수출피해기업 지원사업(단체보험),경기남부지사,보험료지원+신용조사수수료지원,2020.01.01 ~ 2020.12.31,"19,321,940",0,"300,000",N,0,수수료(보험료) 면제 방식,,2022.06.17
100902,,,00000,031,서울특별시청,"[서울특별시청(강남-보험)
] [보험료지원] 2020년 서울특별시청 지원사업",강남지사,보험료지원,2020.01.01 ~ 2020.12.31,"529,216,660","2,932,670","5,000,000",N,0,수수료(보험료) 면제 방식,,2022.06.17
100903,,,00000,031,서울특별시청,"[서울특별시청(강남-보증)
] [보험료지원] 2020년 서울특별시청 지원사업(수출신용보증)",강남지사,보험료지원,2020.01.01 ~ 2020.12.31,"85,783,340",0,"5,000,000",N,0,수수료(보험료) 면제 방식,,2022.06.17
100904,,,00000,031,서울특별시청,"[서울특별시청(구로-보증)
] [보험료지원] 2020년 서울특별시청 지원사업(수출신용보증)",구로디지털지사,보험료지원,2020.01.01 ~ 2020.12.31,"100,784,340",0,"5,000,000",N,0,수수료(보험료) 면제 방식,,2022.06.17
100905,,,00000,031,서울특별시청,"[서울특별시청(구로-보험)
] [보험료지원] 2020년 서울특별시청 지원사업",구로디지털지사,보험료지원,2020.01.01 ~ 2020.12.31,"354,215,660",0,"5,000,000",N,0,수수료(보험료) 면제 방식,,2022.06.17
100702,,,00000,031,서울특별시청,[서울특별시청(단체보험)] [보험료지원] 2020년 서울특별시청 지원사업(단체보험),중앙지사,보험료지원,2020.01.01 ~ 2020.12.31,"252,824,520",0,"3,000,000",N,0,수수료(보험료) 면제 방식,,2022.06.17
100802,,,00000,031,서울특별시청,"[서울특별시청(중앙-보험)
] [보험료지원] 2020년 서울특별시청 지원사업",중앙지사,보험료지원,2020.01.01 ~ 2020.12.31,"580,315,820",0,"5,000,000",N,0,수수료(보험료) 면제 방식,,2022.06.17
100803,,,00000,031,서울특별시청,"[서울특별시청(중앙-보증)
] [보험료지원] 2020년 서울특별시청 지원사업(수출신용보증)",중앙지사,보험료지원,2020.01.01 ~ 2020.12.31,"96,859,660",0,"5,000,000",N,0,수수료(보험료) 면제 방식,,2022.06.17
100602,,,00000,156,화성시청,[화성시청-시화지역] 2020년 화성시청 지원사업,경기서부지사,보험료지원+신용조사수수료지원,2020.03.09 ~ 2020.11.30,"6,000,000",0,"1,000,000",N,0,수수료(보험료) 면제 방식,,2022.06.17
100603,,,00000,156,화성시청,[화성시청-시화지역(단체)] 2020년 화성시청 지원사업(단체보험),경기서부지사,보험료지원+신용조사수수료지원,2020.03.09 ~ 2020.11.30,0,0,0,N,0,수수료(보험료) 면제 방식,,2022.06.17
100502,,,00000,175,경기도청,[경기도청-인천지사] 2020년 경기도청 지원사업,인천지사,보험료지원+신용조사수수료지원,2020.01.01 ~ 2020.12.31,0,0,0,N,0,수수료(보험료) 환불 방식,,2022.06.17
100402,,,00000,085,안양산업진흥원,[안양창조산업진흥원] 2020년 안양창조산업진흥원 지원사업,경기남부지사,보험료지원+신용조사수수료지원,2020.01.02 ~ 2020.12.31,"12,696,531",0,"700,000",N,0,수수료(보험료) 면제 방식,,2022.06.17
100403,,,00000,105,안양시청,[안양시청(단체보험)] 2020년 안양시청 지원사업(단체보험),경기남부지사,보험료지원+신용조사수수료지원,2020.01.02 ~ 2020.11.30,"16,337,480",0,"300,000",N,0,수수료(보험료) 면제 방식,,2022.06.17
100404,,,00000,156,화성시청,[화성시청] 2020년 화성시청 지원사업,경기남부지사,보험료지원+신용조사수수료지원,2020.03.09 ~ 2020.11.30,"5,723,820",0,"750,000",N,0,수수료(보험료) 면제 방식,,2022.06.17
100405,,,00000,156,화성시청,[화성시청(단체)] 2020년 화성시청 지원사업(단체보험),경기남부지사,보험료지원+신용조사수수료지원,2020.03.09 ~ 2020.11.30,"18,276,180",0,"250,000",N,0,수수료(보험료) 면제 방식,,2022.06.17
100202,,,00000,120,양산시청,[양산시청] [보험료지원] 2020년 양산시청 지원사업,부산지사,보험료지원,2020.02.24 ~ 2020.12.31,"20,000,000",0,"1,000,000",N,0,수수료(보험료) 면제 방식,,2022.06.17
100302,,,00000,128,시흥산업진흥원,[시흥산업진흥원] 2020년 시흥산업진흥원 지원사업,경기서부지사,보험료지원+신용조사수수료지원,2020.03.09 ~ 2020.11.30,"9,000,000",0,"1,000,000",N,0,수수료(보험료) 면제 방식,,2022.06.17
100002,,,00000,175,경기도청,[경기도청-시화지역(단체보험)] 2020년 경기도청 지원사업(단체보험),경기서부지사,보험료지원+신용조사수수료지원,2020.01.01 ~ 2020.12.31,"7,830,720",0,"7,830,720",N,0,수수료(보험료) 면제 방식,,2022.06.17
100003,,,00000,175,경기도청,[경기도청-북부지역(단체보험)] 2020년 경기도청 지원사업(단체보험),경기북부지사,보험료지원+신용조사수수료지원,2020.01.01 ~ 2020.12.31,"12,452,840",0,"300,000",N,0,수수료(보험료) 면제 방식,,2022.06.17
100102,,,00000,021,충북도청,[충북도청] [보험료지원] 2020년 충북도청 지원사업,충북지사,보험료지원,2020.01.01 ~ 2020.12.31,"289,180,830",0,"4,000,000",N,0,수수료(보험료) 환불 방식,,2022.06.17
100103,,,00000,021,충북도청,[충북도청(단체보험)] [보험료지원] 2020년 충북도청 지원사업(단체보험),충북지사,보험료지원,2020.01.01 ~ 2020.11.30,"210,819,170",0,"300,000",N,0,수수료(보험료) 면제 방식,,2022.06.17
100000,,,00000,007,대전광역시청,[대전광역시청] [보험료지원] 2020년 대전광역시청 지원사업,대전세종충남지사,보험료지원,2020.01.01 ~ 2020.12.31,"159,089,040",0,"3,000,000",N,0,수수료(보험료) 환불 방식,,2022.06.17
100001,,,00000,007,대전광역시청,[대전광역시 단체보험 (2020)] [보험료지원] 2020년 대전광역시청 지원사업(단체보험),대전세종충남지사,보험료지원,2020.01.01 ~ 2020.12.31,"40,910,960",0,"500,000",N,0,수수료(보험료) 면제 방식,,2022.06.17
99900,,,00000,022,충주시청,[충주시청] [보험료지원] 2020년 충주시청 지원사업,충북지사,보험료지원,2020.02.01 ~ 2020.11.30,"7,000,000",0,"1,000,000",N,0,수수료(보험료) 면제 방식,,2022.06.17
99901,,,00000,058,청주시청,[청주시청] [보험료지원] 2020년 청주시청 지원사업,충북지사,보험료지원,2020.02.01 ~ 2020.12.31,"40,000,000",0,"2,000,000",N,0,수수료(보험료) 면제 방식,,2022.06.17
99902,,,00000,135,함안군청,[함안군청] [보험료지원] 2020년 함안군청 지원사업,경남지사,보험료지원,2020.03.01 ~ 2020.12.31,"20,000,000",0,"1,000,000",N,0,수수료(보험료) 면제 방식,,2022.06.17
99800,,,00000,008,경남도청,[경남도청] [보험료지원] 2020년 경남도청 지원사업,경남지사,보험료지원,2020.01.01 ~ 2020.12.31,"600,000,000",0,"5,000,000",N,0,수수료(보험료) 면제 방식,,2022.06.17
99801,,,00000,095,창원산업진흥원,[창원산업진흥원] [보험료지원] 2020년 창원산업진흥원 지원사업,경남지사,보험료지원,2020.01.01 ~ 2020.12.31,"40,000,000",0,"1,000,000",N,0,수수료(보험료) 면제 방식,,2022.06.17
99400,,,00000,131,익산시청,[익산시청] 2020년 익산시청 지원사업,전북지사,보험료지원+신용조사수수료지원,2020.01.01 ~ 2020.12.31,"50,000,000",0,"4,000,000",N,0,수수료(보험료) 환불 방식,,2022.06.17
99500,,,00000,106,성남시청,[성남시청] 2020년 성남시청 지원사업,경기남부지사,보험료지원+신용조사수수료지원,2020.01.02 ~ 2020.12.01,"28,960,740",0,"700,000",N,0,수수료(보험료) 면제 방식,,2022.06.17
99501,,,00000,106,성남시청,[성남시청(단체보험)] 2020년 성남시청 지원사업(단체보험),경기남부지사,보험료지원+신용조사수수료지원,2020.01.02 ~ 2020.12.31,"21,039,260",0,"300,000",N,0,수수료(보험료) 면제 방식,,2022.06.17
99502,,,00000,110,안성시청,[안성시청 ] 2020년 안성시청 지원사업,경기남부지사,보험료지원+신용조사수수료지원,2020.01.02 ~ 2020.11.30,"20,549,360",0,"700,000",N,0,수수료(보험료) 면제 방식,,2022.06.17
99503,,,00000,110,안성시청,[안성시청(단체보험)] 2020년 안성시청 지원사업(단체보험),경기남부지사,보험료지원+신용조사수수료지원,2020.01.02 ~ 2020.12.31,"9,450,640",0,"300,000",N,0,수수료(보험료) 면제 방식,,2022.06.17
99504,,,00000,109,용인시청,[용인시청] 2020년 용인시청 지원사업,경기남부지사,보험료지원+신용조사수수료지원,2020.01.02 ~ 2020.12.31,"22,414,340",0,"700,000",N,0,수수료(보험료) 면제 방식,,2022.06.17
99505,,,00000,109,용인시청,[용인시청(단체보험)] 2020년 용인시청 지원사업(단체보험),경기남부지사,보험료지원+신용조사수수료지원,2020.01.02 ~ 2020.12.31,"17,585,660",0,"300,000",N,0,수수료(보험료) 면제 방식,,2022.06.17
99506,,,00000,066,수원시청,[수원시청] 2020년 수원시청 지원사업,경기남부지사,보험료지원+신용조사수수료지원,2020.01.02 ~ 2020.12.31,"25,000,000",0,"2,000,000",N,0,수수료(보험료) 면제 방식,,2022.06.17
99600,,,00000,030,충남도청,[충남도청] 2020년 충남도청 지원사업,대전세종충남지사,보험료지원+신용조사수수료지원,2020.01.01 ~ 2020.12.31,"209,620,760",0,"3,000,000",N,0,수수료(보험료) 면제 방식,,2022.06.17
99601,,,00000,030,충남도청,[충남도청 단체보험 (2020)] [보험료지원] 2020년 충남도청 지원사업(단체보험),대전세종충남지사,보험료지원,2020.01.01 ~ 2020.12.31,"39,884,240",0,"500,000",N,0,수수료(보험료) 면제 방식,,2022.06.17
99700,,,00000,175,경기도청,[경기도청-중앙(단체보험)] 2020년 경기도청 지원사업(단체보험),중앙지사,보험료지원+신용조사수수료지원,2020.01.01 ~ 2020.12.31,"4,849,600",0,"300,000",N,0,수수료(보험료) 면제 방식,,2022.06.17
99200,,,00000,175,경기도청,[경기도청(2020년도 코로나19 중국수출기업)] 2020년 경기도청 코로나19 중국수출기업 지원사업,경기남부지사,보험료지원+신용조사수수료지원,2020.01.02 ~ 2020.12.31,"6,866,900",0,"1,000,000",N,0,수수료(보험료) 환불 방식,,2022.06.17
99300,,,00000,107,오산시청,[오산시청] 2020년 오산시청 지원사업,경기남부지사,보험료지원+신용조사수수료지원,2020.01.01 ~ 2020.12.31,"10,404,130",0,"1,000,000",N,0,수수료(보험료) 환불 방식,,2022.06.17
99301,,,00000,175,경기도청,[경기도청-남부지역] 2020년 경기도청 지원사업,경기남부지사,보험료지원+신용조사수수료지원,2020.01.01 ~ 2020.12.31,"1,800,000",0,"700,000",N,0,수수료(보험료) 면제 방식,,2022.06.17
99302,,,00000,175,경기도청,[경기도청-남부지역(단체보험)] 2020년 경기도청 지원사업(단체보험),경기남부지사,보험료지원+신용조사수수료지원,2020.01.01 ~ 2020.12.31,"38,932,380",0,"300,000",N,0,수수료(보험료) 면제 방식,,2022.06.17
99000,,,00000,052,밀양시청,[밀양시청] [보험료지원] 2020년 밀양시청 지원사업,경남지사,보험료지원,2020.02.26 ~ 2020.12.31,"30,000,000",0,"2,000,000",N,0,수수료(보험료) 면제 방식,,2022.06.17
99001,,,00000,015,한국무역협회,[한국무역협회(단체보험)] [보험료지원] 2020년 한국무역협회 지원사업(단체보험),영업총괄실,보험료지원,2020.01.01 ~ 2021.02.01,"150,000,000","13,732,530","1,000,000",N,0,수수료(보험료) 면제 방식,,2022.06.17
99100,,,00000,006,부산광역시청,"[부산광역시청(단기수출보험, 환변동보험)] [보험료지원] 2020년 부산광역시청 지원사업(단기수출보험, 환변동보험)",부산지사,보험료지원,2020.01.01 ~ 2020.12.31,"600,000,000",0,"3,000,000",N,0,수수료(보험료) 면제 방식,,2022.06.17
99101,,,00000,006,부산광역시청,"[부산광역시청-선박자동차(단기수출보험, 환변동보험)] [보험료지원] 2020년 부산광역시청 선박자동차 지원사업(단기수출보험, 환변동보험)",부산지사,보험료지원,2020.01.01 ~ 2020.12.31,"100,000,000",0,"3,000,000",N,0,수수료(보험료) 면제 방식,,2022.06.17
99102,,,00000,006,부산광역시청,[부산광역시청(수출신용보증)] [보험료지원] 2020년 부산광역시청 지원사업(수출신용보증),부산지사,보험료지원,2020.01.01 ~ 2020.12.31,"300,000,000","55,665,100","5,000,000",N,0,수수료(보험료) 환불 방식,,2022.06.17
98900,,,00000,151,대구 달성군청,[대구 달성군청] [보험료지원] 2020년 대구 달성군청 지원사업,대구경북지사,보험료지원,2020.01.01 ~ 2020.12.31,"50,000,000","3,118,050","3,000,000",N,0,수수료(보험료) 환불 방식,,2022.06.17
98700,,,00000,100,아산시청,[아산시청] [보험료지원] 2020년 아산시청 지원사업,천안출장소,보험료지원,2020.02.01 ~ 2020.12.31,"20,000,000",0,"2,000,000",N,0,수수료(보험료) 면제 방식,,2022.06.17
98800,,,00000,096,전북특별자치도청,[전북도청(매출액 500억 미만)] 2020년 전북도청 매출액 500억 미만 지원사업,전북지사,보험료지원+신용조사수수료지원,2020.01.01 ~ 2020.12.31,"160,675,430",0,"3,000,000",N,0,수수료(보험료) 환불 방식,,2022.06.17
98801,,,00000,096,전북특별자치도청,[전북도청(단체보험)] [보험료지원] 2020년 전북도청 지원사업(단체보험),전북지사,보험료지원,2020.01.01 ~ 2020.12.31,"60,636,950",0,"500,000",N,0,수수료(보험료) 면제 방식,,2022.06.17
98802,,,00000,096,전북특별자치도청,[전북도청(매출액 500억 이상)] 2020년 전북도청 매출액 500억 이상 지원사업,전북지사,보험료지원+신용조사수수료지원,2020.01.01 ~ 2020.12.31,"9,252,590",0,"3,000,000",N,0,수수료(보험료) 환불 방식,,2022.06.17
98600,,,00000,013,대구광역시청,[대구광역시청] [보험료지원] 2020년 대구광역시청 지원사업,대구경북지사,보험료지원,2020.01.01 ~ 2020.12.31,"380,000,000",0,"6,000,000",N,0,수수료(보험료) 환불 방식,,2022.06.17
98500,,,00000,086,김해중소기업비즈니스센터,[김해중소기업비즈니스센터] [보험료지원] 2020년 김해중소기업비즈니스센터 지원사업,경남지사,보험료지원,2020.02.14 ~ 2020.12.31,"75,000,000",0,"2,000,000",N,0,수수료(보험료) 면제 방식,,2022.06.17
98400,,,00000,012,경북도청,[경북도청] [보험료지원] 2020년 경북도청 지원사업,대구경북지사,보험료지원,2020.01.01 ~ 2020.12.31,"430,000,000",0,"6,000,000",N,0,수수료(보험료) 환불 방식,,2022.06.17
98300,,,00000,061,경산시청,[경산시청] [보험료지원] 2020년 경산시청 지원사업,대구경북지사,보험료지원,2020.01.01 ~ 2020.12.31,"30,000,000",0,"2,000,000",N,0,수수료(보험료) 면제 방식,,2022.06.17
98200,,,00000,084,천안시청,[천안시청] [보험료지원] 2020년 천안시청 지원사업,천안출장소,보험료지원,2020.01.01 ~ 2020.12.31,"50,000,000","39,750","2,000,000",N,0,수수료(보험료) 면제 방식,,2022.06.17
98100,,,00000,149,김포시청,[김포시청] 2020년 김포시청 지원사업,경기북부지사,보험료지원+신용조사수수료지원,2020.01.02 ~ 2020.12.31,"50,000,000",0,"1,000,000",N,0,수수료(보험료) 면제 방식,,2022.06.17
98000,,,00000,065,제주특별자치도청,[제주특별자치도청] [보험료지원] 2020년 제주특별자치도청 지원사업,제주지사,보험료지원,2020.01.01 ~ 2020.12.31,"245,200,000","64,158,690","8,000,000",N,0,수수료(보험료) 면제 방식,,2022.06.17
97900,,,00000,017,전남도청,[전남도청] [보험료지원] 2020년 전남도청 지원사업,광주전남지사,보험료지원,2020.01.01 ~ 2020.12.31,"170,000,000","33,130","5,000,000",N,0,수수료(보험료) 환불 방식,,2022.06.17
97800,,,00000,010,광주광역시청,[광주광역시청] [보험료지원] 2020년 광주광역시청 지원사업,광주전남지사,보험료지원,2020.01.01 ~ 2020.12.31,"140,000,000","14,026,750","3,000,000",N,0,수수료(보험료) 환불 방식,,2022.06.17
97700,,,00000,001,인천광역시청,[인천시청] [보험료지원] 2020년 인천시청 지원사업,인천지사,보험료지원,2020.01.01 ~ 2021.03.11,"352,991,660","1,238,560","5,000,000",N,0,수수료(보험료) 환불 방식,,2022.06.17
97701,,,00000,196,aT(한국농수산식품유통공사),[aT(단체보험)] 2020년 aT(한국농수산식품유통공사) 지원사업(단체보험),영업총괄실,보험료지원+신용조사수수료지원,2020.01.01 ~ 2020.12.31,"19,701,430",0,"1,000,000",N,0,수수료(보험료) 환불 방식,,2022.06.17
97702,,,00000,001,인천광역시청,[인천시청(단체보험)] [보험료지원] 2020년 인천시청 지원사업(단체보험),인천지사,보험료지원,2020.01.01 ~ 2021.03.11,"49,478,300",0,"300,000",N,0,수수료(보험료) 면제 방식,,2022.06.17
97600,,,00000,196,aT(한국농수산식품유통공사),[aT-가공식품(단기수출보험)] [보험료지원] 2020년 aT(한국농수산식품유통공사) 지원사업(가공식품_단기수출보험),영업총괄실,보험료지원,2020.01.01 ~ 2020.12.31,"222,768,610",0,"40,000,000",N,0,수수료(보험료) 환불 방식,,2022.06.17
97601,,,00000,196,aT(한국농수산식품유통공사),[aT-가공식품(환변동보험)] [보험료지원] 2020년 aT(한국농수산식품유통공사) 지원사업(가공식품_환변동보험),영업총괄실,보험료지원,2020.01.01 ~ 2020.12.31,"330,836,780",0,"40,000,000",N,0,수수료(보험료) 환불 방식,,2022.06.17
97602,,,00000,196,aT(한국농수산식품유통공사),[aT-신선식품(단기수출보험)] [보험료지원] 2020년 aT(한국농수산식품유통공사) 지원사업(신선식품_단기수출보험),영업총괄실,보험료지원,2020.01.01 ~ 2020.12.31,"217,957,460",0,"40,000,000",N,0,수수료(보험료) 환불 방식,,2022.06.17
97603,,,00000,196,aT(한국농수산식품유통공사),[aT-신선식품(환변동보험)] [보험료지원] 2020년 aT(한국농수산식품유통공사) 지원사업(신선식품_환변동보험),영업총괄실,보험료지원,2020.01.01 ~ 2020.12.31,"1,196,303,750",0,"40,000,000",N,0,수수료(보험료) 환불 방식,,2022.06.17
97200,,,00000,195,한국서부발전,[한국서부발전 (3차 사업)] 2019년 한국서부발전 3차사업 지원사업,대전세종충남지사,보험료지원+신용조사수수료지원,2019.11.01 ~ 2020.10.31,"53,881,253","36,334,583","10,000,000",N,0,수수료(보험료) 면제 방식,,2022.06.17
96200,,,00000,013,대구광역시청,[대구시청(플러스 U$1000만 이상)] [보험료지원] 2020년 대구광역시청 U$1000만 이상 지원사업(중소중견Plus+),대구경북지사,보험료지원,2020.01.01 ~ 2020.12.31,0,0,0,N,0,수수료(보험료) 환불 방식,,2022.06.17
96201,,,00000,012,경북도청,[2019경북도청단체보험] [보험료지원] 2020년 경북도청 지원사업(단체보험),대구경북지사,보험료지원,2020.01.01 ~ 2020.12.31,0,0,0,N,0,수수료(보험료) 환불 방식,,2022.06.17
96000,,,00000,144,칠곡군청,[칠곡군청] [보험료지원] 2019년 칠곡군청 지원사업,대구경북지사,보험료지원,2019.04.01 ~ 2020.03.31,"20,000,000","5,593,650",0,N,0,수수료(보험료) 환불 방식,,2022.06.17
70500,,,00000,090,신한은행,[신한은행(중장기종목)] [보험료지원] 2014년 신한은행 지원사업(중장기종목),프로젝트금융총괄실,보험료지원,2014.09.17 ~ 9999.12.31,"250,000,000","190,000,000","20,000,000",N,0,수수료(보험료) 면제 방식,,2022.06.17
66900,,,00000,189,하나은행,[외환은행(現 하나은행)] [보험료지원] 2013년 외환은행(現 하나은행) 지원사업,(구)중소기업부,보험료지원,2013.05.09 ~ 2020.02.19,"10,000,000,000","2,805,779,940","20,000,000",N,0,수수료(보험료) 면제 방식,Y,2022.06.17
63100,,,00000,032,기업은행,[기업은행] [보험료지원] 2011년 기업은행 지원사업,(구)중소중견기업사업1부,보험료지원,2011.10.26 ~ 2020.12.31,"469,559,870","-7,348,053,410","500,000",N,0,수수료(보험료) 면제 방식,,2022.06.17
